Date,Average temperature [Â°C],Snow depth [cm],Cloud cover [1/8],Direct solar radiation mean [W/m2]
2004-03-08,-0.2,43,,8.5
2004-03-09,-4.9,44,,285.8
2004-03-10,-6.3,43,,296.6
2004-03-11,-4.9,41,,231.2
2004-03-12,-4.4,41,,290.9
2004-03-13,-3.2,41,,266.5
2004-03-14,-2.3,41,,12.5
2004-03-15,0.4,40,,5.7
2004-03-16,2.3,38,,6.1
2004-03-17,1.6,38,,221.3
2004-03-18,2,30,,41.8
2004-03-19,2.4,29,,274.6
2004-03-20,1.1,26,,5.2
2004-03-21,0.9,22,,6.8
2004-03-22,0.4,22,,8.7
2004-03-23,-0.5,22,,16.4
2004-03-24,0.6,20,,15.1
2004-03-25,0,20,,7.0
2004-03-26,-1.3,19,,21.1
2004-03-27,-0.9,19,,70.4
2004-03-28,1.6,19,,290.6
2004-03-29,1.5,17,,217.7
2004-03-30,3.7,14,,278.1
2004-03-31,2.2,10,,356.1
2004-04-01,-3.3,10,,391.3
2004-04-02,-2.5,2,,371.5
2004-04-03,0.7,0,,380.0
2004-04-04,1.7,0,,368.5
2004-04-05,2.3,0,,249.4
2004-04-06,2.9,0,,95.9
2004-04-07,4.8,0,,254.9
2004-04-08,4.8,0,,383.8
2004-04-09,4.3,-1,,360.9
2004-04-10,2.8,2,,102.5
2004-04-11,1.6,-1,,221.0
2004-04-12,1.5,-1,,309.5
2004-04-13,1.9,-1,,384.9
2004-04-14,3.6,-1,,28.3
2004-04-15,7.2,-1,,294.0
2004-04-16,4.9,-1,,39.8
2004-04-17,7.9,-1,,339.0
2004-04-18,9.3,-1,,289.3
2004-04-19,9.4,-1,,307.3
2004-04-20,9.4,-1,,11.6
2004-04-21,8.2,-1,,130.0
2004-04-22,5.9,-1,,225.7
2004-04-23,3.7,-1,,400.8
2004-04-24,4.2,-1,,329.9
2004-04-25,5,-1,,400.4
2004-04-26,5.8,-1,,396.3
2004-04-27,5.4,-1,,364.6
2004-04-28,5.5,-1,,78.8
2004-04-29,6.8,-1,,46.6
2004-04-30,8.8,-1,,388.2
2004-05-01,10.6,-1,,199.9
2004-05-02,10.5,-1,,357.8
2004-05-03,13.1,-1,,301.1
2004-05-04,13.3,-1,,24.5
2004-05-05,17.7,-1,,282.9
2004-05-06,18.8,-1,,356.2
2004-05-07,16.6,-1,,336.5
2004-05-08,17.5,-1,,235.9
2004-05-09,16.9,-1,,396.3
2004-05-10,10.5,-1,,149.7
2004-05-11,5,-1,,226.3
2004-05-12,3.1,-1,,318.6
2004-05-13,4.3,-1,,230.1
2004-05-14,4.8,-1,,141.8
2004-05-15,6.2,-1,,268.4
2004-05-16,6.5,-1,,232.3
2004-05-17,7.9,-1,,378.8
2004-05-18,8.3,-1,,60.4
2004-05-19,7.5,-1,,69.6
2004-05-20,7.8,-1,,321.4
2004-05-21,6.4,-1,,173.5
2004-05-22,7.4,-1,,123.9
2004-05-23,6.8,-1,,364.5
2004-05-24,7.2,-1,,424.5
2004-05-25,10.4,-1,,459.1
2004-05-26,10.9,-1,,435.1
2004-05-27,10.6,-1,,109.9
2004-05-28,11.7,-1,,253.1
2004-05-29,9.3,-1,,165.4
2004-05-30,6.1,-1,,188.4
2004-05-31,8.6,-1,,37.7
2004-06-01,11.7,-1,,321.8
2004-06-02,12.8,-1,,326.5
2004-06-03,14.1,-1,,443.2
2004-06-04,16.3,-1,,328.3
2004-06-05,16.6,-1,,460.4
2004-06-06,13.9,-1,,121.7
2004-06-07,8,-1,,129.8
2004-06-08,9.5,-1,,22.4
2004-06-09,12.1,-1,,447.4
2004-06-10,12.8,-1,,311.3
2004-06-11,9.8,-1,,8.6
2004-06-12,12,-1,,11.4
2004-06-13,15.2,-1,,265.8
2004-06-14,12.5,-1,,173.2
2004-06-15,11.3,-1,,402
2004-06-16,10,-1,,28.4
2004-06-17,11.2,-1,,211
2004-06-18,11.5,-1,,199.9
2004-06-19,12.2,-1,,324.7
2004-06-20,12.3,-1,,361.3
2004-06-21,12.7,-1,,31.1
2004-06-22,14.4,-1,,190
2004-06-23,12.2,-1,,-
2004-06-24,11.9,-1,,-
2004-06-25,16.5,-1,,379
2004-06-26,12.9,-1,,233.4
2004-06-27,13.8,-1,,10.1
2004-06-28,14.1,-1,,10.9
2004-06-29,15.9,-1,,112.7
2004-06-30,13.5,-1,,7.5
2004-07-01,15.5,-1,,44
2004-07-02,17,-1,,335.1
2004-07-03,13.2,-1,,6.7
2004-07-04,14.8,-1,,294.1
2004-07-05,13.9,-1,,251
2004-07-06,14,-1,,302.9
2004-07-07,13.4,-1,,92.2
2004-07-08,14,-1,,495
2004-07-09,15.8,-1,,178.9
2004-07-10,14.8,-1,,108.2
2004-07-11,15,-1,,133.2
2004-07-12,15.4,-1,,216.7
2004-07-13,16.4,-1,,160.6
2004-07-14,15.4,-1,,220.7
2004-07-15,14.9,-1,,307.2
2004-07-16,15.9,-1,,385
2004-07-17,16.4,-1,,182.8
2004-07-18,17.1,-1,,397.4
2004-07-19,18.4,-1,,224.3
2004-07-20,18.5,-1,,292.4
2004-07-21,17.1,-1,,163.1
2004-07-22,18.7,-1,,69.8
2004-07-23,19.2,-1,,162.8
2004-07-24,19.5,-1,,209.4
2004-07-25,18.6,-1,,132.6
2004-07-26,16.9,-1,,149.2
2004-07-27,18.3,-1,,112.3
2004-07-28,15.9,-1,,13.5
2004-07-29,15.5,-1,,10.6
2004-07-30,17,-1,,29.6
2004-07-31,17.2,-1,,31.9
2004-08-01,17.9,-1,,214.1
2004-08-02,19.6,-1,,176.7
2004-08-03,21,-1,,190.4
2004-08-04,21.5,-1,,331.3
2004-08-05,21.1,-1,,348.8
2004-08-06,21.4,-1,,358.7
2004-08-07,21.9,-1,,359.4
2004-08-08,21.5,-1,,216.6
2004-08-09,17.9,-1,,197.8
2004-08-10,17.8,-1,,374.4
2004-08-11,17.9,-1,,149.9
2004-08-12,15.1,-1,,299.4
2004-08-13,12.9,-1,,221.3
2004-08-14,10.3,-1,,244.5
2004-08-15,10.9,-1,,127.6
2004-08-16,13.5,-1,,301
2004-08-17,13.8,-1,,18.5
2004-08-18,14.3,-1,,85.7
2004-08-19,14.1,-1,,90.1
2004-08-20,19,-1,,209.3
2004-08-21,16.8,-1,,143.8
2004-08-22,16.3,-1,,146.2
2004-08-23,12.6,-1,,245.5
2004-08-24,11.4,-1,,307.3
2004-08-25,11,-1,,272.5
2004-08-26,12.3,-1,,5.4
2004-08-27,14.9,-1,,179.7
2004-08-28,15.4,-1,,135.6
2004-08-29,15.1,-1,,323.6
2004-08-30,13.7,-1,,17.4
2004-08-31,16.8,-1,,43.7
2004-09-01,15.2,-1,,63.1
2004-09-02,12.7,-1,,10.3
2004-09-03,18.4,-1,,36.9
2004-09-04,15.6,-1,,280.3
2004-09-05,15.3,-1,,185.7
2004-09-06,14.6,-1,,80.6
2004-09-07,10.9,-1,,140
2004-09-08,8.1,-1,,262.5
2004-09-09,8,-1,,197.3
2004-09-10,13.6,-1,,188.1
2004-09-11,13.1,-1,,272.4
2004-09-12,13.6,-1,,23.1
2004-09-13,13.7,-1,,123.5
2004-09-14,14.3,-1,,117.6
2004-09-15,13.6,-1,,-
2004-09-16,9.8,-1,,-
2004-09-17,8.5,-1,,24.6
2004-09-18,11.9,-1,,6.3
2004-09-19,13.4,-1,,50.4
2004-09-20,12.3,-1,,284.8
2004-09-21,11.2,-1,,22.8
2004-09-22,10.2,-1,,17.8
2004-09-23,9.3,-1,,60.4
2004-09-24,10,-1,,75.1
2004-09-25,9.8,-1,,68.7
2004-09-26,11.4,-1,,232.8
2004-09-27,10.9,-1,,6.3
2004-09-28,10.6,-1,,27.4
2004-09-29,9.4,-1,,113.3
2004-09-30,6.8,-1,,129.8
2004-10-01,5.1,-1,,271.5
2004-10-02,4.8,-1,,178.1
2004-10-03,6.9,-1,,5.5
2004-10-04,8.8,-1,,192.3
2004-10-05,11,-1,,14.4
2004-10-06,10.6,-1,,8.4
2004-10-07,9.9,-1,,173.9
2004-10-08,7.9,-1,,63.9
2004-10-09,3.4,-1,,216.5
2004-10-10,1.5,-1,,254.7
2004-10-11,-0.3,-1,,130.9
2004-10-12,3.5,-1,,256.1
2004-10-13,4.2,-1,,-
2004-10-14,3.4,-1,,-
2004-10-15,3.2,-1,,166.4
2004-10-16,5.7,-1,,79.2
2004-10-17,5.7,-1,,5
2004-10-18,7,-1,,4.4
2004-10-19,4.5,-1,,4.3
2004-10-20,3.1,-1,,14.3
2004-10-21,3.3,-1,,4.5
2004-10-22,7.5,-1,,17.8
2004-10-23,7.4,-1,,20.7
2004-10-24,5.7,-1,,22.2
2004-10-25,4.1,-1,,153.3
2004-10-26,8.6,-1,,5
2004-10-27,5.5,-1,,18.9
2004-10-28,2.5,-1,,210
2004-10-29,-0.4,-1,,101
2004-10-30,0.6,-1,,19.8
2004-10-31,0.5,-1,,4
2004-11-01,3.6,-1,,173.9
2004-11-02,2.2,-1,,163.1
2004-11-03,4.1,-1,,38.3
2004-11-04,5.9,-1,,4.2
2004-11-05,7,-1,,19.5
2004-11-06,4.5,-1,,34.1
2004-11-07,3.7,-1,,4.5
2004-11-08,4.8,-1,,11.6
2004-11-09,6.1,-1,,5.9
2004-11-10,2,-1,,4
2004-11-11,4.6,-1,,4.2
2004-11-12,7,-1,,3.9
2004-11-13,2.4,-1,,71.7
2004-11-14,0.3,-1,,113.7
2004-11-15,3.5,-1,,4.1
2004-11-16,-0.2,0,,24.4
2004-11-17,-3.4,0,,9.5
2004-11-18,-4.4,0,,4.4
2004-11-19,-5.9,0,,66.6
2004-11-20,-5.8,2,,7.6
2004-11-21,-5.7,3,,66.7
2004-11-22,-7.9,3,,7.1
2004-11-23,-4.9,3,,4.3
2004-11-24,-7.2,3,,107.3
2004-11-25,-1.9,5,,32.1
2004-11-26,-5.1,5,,33.3
2004-11-27,-6,5,,107
2004-11-28,-10.7,5,,27.9
2004-11-29,-4.5,9,,3.9
2004-11-30,-2.7,9,,4
2004-12-01,1.3,5,,3.9
2004-12-02,0.3,5,,3.7
2004-12-03,-7.9,5,,39.6
2004-12-04,-7,5,,4.6
2004-12-05,2.1,9,,3.9
2004-12-06,0.5,4,,4.2
2004-12-07,1,3,,3.9
2004-12-08,0.8,2,,3.9
2004-12-09,-1.4,2,,61.3
2004-12-10,-1.2,2,,42
2004-12-11,1.6,1,,3.9
2004-12-12,-0.4,-1,,64.4
2004-12-13,-4.8,-1,,10.6
2004-12-14,2.2,-1,,3.8
2004-12-15,3.8,-1,,3.7
2004-12-16,2.4,-1,,5.1
2004-12-17,3.1,-1,,3.8
2004-12-18,2.3,-1,,4.2
2004-12-19,0.6,-1,,3.7
2004-12-20,-3.1,4,,11.9
2004-12-21,-5.7,4,,47.8
2004-12-22,-0.8,4,,3.6
2004-12-23,-1.1,8,,30.9
2004-12-24,-3.8,10,,55.7
2004-12-25,-6.7,10,,4
2004-12-26,-2.4,13,,3.8
2004-12-27,-3.5,13,,85.3
2004-12-28,-3.1,13,,4.7
2004-12-29,-1.5,19,,3.8
2004-12-30,0.4,13,,3.7
2004-12-31,0.1,11,,77.2
2004-08-09,17.9,-1,,197.8
2004-08-10,17.8,-1,,374.4
2004-08-11,17.9,-1,,149.9
2004-08-12,15.1,-1,,299.4
2004-08-13,12.9,-1,,221.3
2004-08-14,10.3,-1,,244.5
2004-08-15,10.9,-1,,127.6
2004-08-16,13.5,-1,,301
2004-08-17,13.8,-1,,18.5
2004-08-18,14.3,-1,,85.7
2004-08-19,14.1,-1,,90.1
2004-08-20,19,-1,,209.3
2004-08-21,16.8,-1,,143.8
2004-08-22,16.3,-1,,146.2
2004-08-23,12.6,-1,,245.5
2004-08-24,11.4,-1,,307.3
2004-08-25,11,-1,,272.5
2004-08-26,12.3,-1,,5.4
2004-08-27,14.9,-1,,179.7
2004-08-28,15.4,-1,,135.6
2004-08-29,15.1,-1,,323.6
2004-08-30,13.7,-1,,17.4
2004-08-31,16.8,-1,,43.7
2004-09-01,15.2,-1,,63.1
2004-09-02,12.7,-1,,10.3
2004-09-03,18.4,-1,,36.9
2004-09-04,15.6,-1,,280.3
2004-09-05,15.3,-1,,185.7
2004-09-06,14.6,-1,,80.6
2004-09-07,10.9,-1,,140
2004-09-08,8.1,-1,,262.5
2004-09-09,8,-1,,197.3
2004-09-10,13.6,-1,,188.1
2004-09-11,13.1,-1,,272.4
2004-09-12,13.6,-1,,23.1
2004-09-13,13.7,-1,,123.5
2004-09-14,14.3,-1,,117.6
2004-09-15,13.6,-1,,-
2004-09-16,9.8,-1,,-
2004-09-17,8.5,-1,,24.6
2004-09-18,11.9,-1,,6.3
2004-09-19,13.4,-1,,50.4
2004-09-20,12.3,-1,,284.8
2004-09-21,11.2,-1,,22.8
2004-09-22,10.2,-1,,17.8
2004-09-23,9.3,-1,,60.4
2004-09-24,10,-1,,75.1
2004-09-25,9.8,-1,,68.7
2004-09-26,11.4,-1,,232.8
2004-09-27,10.9,-1,,6.3
2004-09-28,10.6,-1,,27.4
2004-09-29,9.4,-1,,113.3
2004-09-30,6.8,-1,,129.8
2004-10-01,5.1,-1,,271.5
2004-10-02,4.8,-1,,178.1
2004-10-03,6.9,-1,,5.5
2004-10-04,8.8,-1,,192.3
2004-10-05,11,-1,,14.4
2004-10-06,10.6,-1,,8.4
2004-10-07,9.9,-1,,173.9
2004-10-08,7.9,-1,,63.9
2004-10-09,3.4,-1,,216.5
2004-10-10,1.5,-1,,254.7
2004-10-11,-0.3,-1,,130.9
2004-10-12,3.5,-1,,256.1
2004-10-13,4.2,-1,,-
2004-10-14,3.4,-1,,-
2004-10-15,3.2,-1,,166.4
2004-10-16,5.7,-1,,79.2
2004-10-17,5.7,-1,,5
2004-10-18,7,-1,,4.4
2004-10-19,4.5,-1,,4.3
2004-10-20,3.1,-1,,14.3
2004-10-21,3.3,-1,,4.5
2004-10-22,7.5,-1,,17.8
2004-10-23,7.4,-1,,20.7
2004-10-24,5.7,-1,,22.2
2004-10-25,4.1,-1,,153.3
2004-10-26,8.6,-1,,5
2004-10-27,5.5,-1,,18.9
2004-10-28,2.5,-1,,210
2004-10-29,-0.4,-1,,101
2004-10-30,0.6,-1,,19.8
2004-10-31,0.5,-1,,4
2004-11-01,3.6,-1,,173.9
2004-11-02,2.2,-1,,163.1
2004-11-03,4.1,-1,,38.3
2004-11-04,5.9,-1,,4.2
2004-11-05,7,-1,,19.5
2004-11-06,4.5,-1,,34.1
2004-11-07,3.7,-1,,4.5
2004-11-08,4.8,-1,,11.6
2004-11-09,6.1,-1,,5.9
2004-11-10,2,-1,,4
2004-11-11,4.6,-1,,4.2
2004-11-12,7,-1,,3.9
2004-11-13,2.4,-1,,71.7
2004-11-14,0.3,-1,,113.7
2004-11-15,3.5,-1,,4.1
2004-11-16,-0.2,0,,24.4
2004-11-17,-3.4,0,,9.5
2004-11-18,-4.4,0,,4.4
2004-11-19,-5.9,0,,66.6
2004-11-20,-5.8,2,,7.6
2004-11-21,-5.7,3,,66.7
2004-11-22,-7.9,3,,7.1
2004-11-23,-4.9,3,,4.3
2004-11-24,-7.2,3,,107.3
2004-11-25,-1.9,5,,32.1
2004-11-26,-5.1,5,,33.3
2004-11-27,-6,5,,107
2004-11-28,-10.7,5,,27.9
2004-11-29,-4.5,9,,3.9
2004-11-30,-2.7,9,,4
2004-12-01,1.3,5,,3.9
2004-12-02,0.3,5,,3.7
2004-12-03,-7.9,5,,39.6
2004-12-04,-7,5,,4.6
2004-12-05,2.1,9,,3.9
2004-12-06,0.5,4,,4.2
2004-12-07,1,3,,3.9
2004-12-08,0.8,2,,3.9
2005-01-01,-0.9,10,,44.8
2005-01-02,0.4,10,,0.1
2005-01-03,-0.6,10,,45.4
2005-01-04,-1.5,13,,1.6
2005-01-05,-1.2,18,,0.2
2005-01-06,-0.4,22,,0.2
2005-01-07,2.3,20,,0
2005-01-08,2.8,16,,0.2
2005-01-09,0.9,12,,0.2
2005-01-10,0.3,16,,0.2
2005-01-11,3.6,10,,58.1
2005-01-12,1.4,10,,0
2005-01-13,3,8,,0.1
2005-01-14,-1.1,4,,0.7
2005-01-15,-5.3,4,,-
2005-01-16,-0.2,9,,-
2005-01-17,2.5,5,,-
2005-01-18,1.8,2,,-
2005-01-19,-0.2,1,,-
2005-01-20,-1.1,5,,-
2005-01-21,-0.7,8,,0.4
2005-01-22,-0.7,14,,0.5
2005-01-23,-3.5,19,,0.7
2005-01-24,-5.2,19,,0.4
2005-01-25,-5.5,19,,19.8
2005-01-26,-5.2,18,,0.7
2005-01-27,-5.8,18,,9
2005-01-28,-14.6,18,,1.9
2005-01-29,-12.4,18,,30.3
2005-01-30,-6.2,18,,0.5
2005-01-31,-0.9,19,,102.7
2005-02-01,-2.8,19,,1
2005-02-02,-5.1,23,,1.4
2005-02-03,-5,23,,0.6
2005-02-04,-1.4,24,,0.8
2005-02-05,0.7,20,,0.2
2005-02-06,1.8,13,,0.5
2005-02-07,-0.3,5,,1.3
2005-02-08,-1.3,5,,36.5
2005-02-09,-3.7,5,,1
2005-02-10,-3.2,5,,0.7
2005-02-11,0.2,13,,14.2
2005-02-12,-2.6,13,,19.4
2005-02-13,-2.7,13,,0.9
2005-02-14,-6.8,14,,3.1
2005-02-15,-8.9,14,,94
2005-02-16,-12.1,14,,124.1
2005-02-17,-7.9,14,,1.6
2005-02-18,-4.9,14,,0.5
2005-02-19,-1.9,15,,0.9
2005-02-20,-3.7,15,,2
2005-02-21,-7.4,15,,31.5
2005-02-22,-13.8,15,,121.8
2005-02-23,-13.5,15,,153.8
2005-02-24,-12.9,15,,143.6
2005-02-25,-8.1,15,,57.2
2005-02-26,-9.7,15,,118.9
2005-02-27,-10.4,15,,181.4
2005-02-28,-13.4,15,,79.9
2005-03-01,-14.9,15,,222.8
2005-03-02,-13.7,15,,58.3
2005-03-03,-9.2,15,,177.5
2005-03-04,-10.6,15,,178.9
2005-03-05,-7.5,15,,118.6
2005-03-06,-10.2,15,,191.9
2005-03-07,-7.7,15,,78.9
2005-03-08,-4.6,15,,108.2
2005-03-09,-10.1,16,,232.3
2005-03-10,-12.8,16,,42.3
2005-03-11,-12.2,16,,248.2
2005-03-12,-9.2,16,,63.2
2005-03-13,-12,17,,209
2005-03-14,-14.3,17,,214.6
2005-03-15,-12.6,17,,206
2005-03-16,-10.9,17,,174.7
2005-03-17,-6.3,18,,2.4
2005-03-18,-6.8,21,,38.5
2005-03-19,-6.5,21,,122.1
2005-03-20,-5.9,21,,142.1
2005-03-21,-4.4,21,,119
2005-03-22,-3.3,20,,191.8
2005-03-23,-0.6,18,,6.5
2005-03-24,3.2,16,,110.1
2005-03-25,4.5,10,,199.5
2005-03-26,1.7,7,,218.7
2005-03-27,-0.4,5,,122.3
2005-03-28,-2.2,4,,113.1
2005-03-29,-0.5,3,,102.6
2005-03-30,-0.2,1,,115.4
2005-03-31,2.4,1,,274.4
2005-04-01,2.2,0,,262
2005-04-02,3.3,0,,51.5
2005-04-03,6.5,0,,177.8
2005-04-04,6.3,0,,225.7
2005-04-05,7.2,-1,,142.4
2005-04-06,4.6,-1,,179.1
2005-04-07,4.6,-1,,23.6
2005-04-08,5.3,-1,,48.6
2006-01-01,-0.8,23,,0.4
2006-01-02,-0.3,27,,0.4
2006-01-03,-2,27,,1.6
2006-01-04,-2.5,27,,0.5
2006-01-05,-2.1,27,,0.5
2006-01-06,-1.4,27,,0.4
2006-01-07,-4.5,27,,0.5
2006-01-08,-8.5,24,,47.9
2006-01-09,-3.6,24,,0.3
2006-01-10,-1,24,,0.8
2006-01-11,2.1,22,,0.1
2006-01-12,2.1,15,,76.0
2006-01-13,0.1,13,,0.8
2006-01-14,0,13,,27.2
2006-01-15,-0.6,13,,0.4
2006-01-16,-1.5,13,,0.2
2006-01-17,-6.9,13,,0.4
2006-01-18,-17.6,13,,93.4
2006-01-19,-22.4,13,,97.7
2006-01-20,-22.2,13,,57.1
2006-01-21,-21.3,13,,89.1
2006-01-22,-22.2,13,,100.6
2006-01-23,-9.7,13,,0.3
2006-01-24,-2.3,14,,0.2
2006-01-25,-0.5,18,,0.9
2006-01-26,-3.3,18,,1.3
2006-01-27,-0.1,18,,102.0
2006-01-28,-3.5,18,,28.4
2006-01-29,0.5,18,,96.2
2006-01-30,0.6,16,,35.6
2006-01-31,-6.1,16,,1.6
2006-02-01,-3.2,17,,0.6
2006-02-02,-8,18,,0.6
2006-02-03,-15.9,20,,8.2
2006-02-04,-22.1,20,,79.2
2006-02-05,-22.8,20,,129.5
2006-02-06,-20.1,20,,61.4
2006-02-07,-17.3,20,,39.0
2006-02-08,-13.5,20,,42.4
2006-02-09,-11.7,21,,0.9
2006-02-10,-8.8,25,,1.3
2006-02-11,-9.1,25,,83.2
2006-02-12,-6.7,25,,1.5
2006-02-13,-3.2,25,,1.3
2006-02-14,-4,25,,1.9
2006-02-15,-6.7,24,,2.3
2006-02-16,-8.4,25,,28.8
2006-02-17,-12,25,,85.1
2006-02-18,-10,25,,2.6
2006-02-19,-3.6,29,,1.7
2006-02-20,-3.9,29,,16.2
2006-02-21,-8.5,29,,37.8
2006-02-22,-3.8,28,,2.3
2006-02-23,-5.4,27,,49.1
2006-02-24,-2.2,27,,4.5
2006-02-25,-2.2,25,,106.5
2006-02-26,-10.3,25,,126.9
2006-02-27,-15.8,25,,192.7
2006-02-28,-14.3,25,,54.5
2006-03-01,-9,31,,81.2
2006-03-02,-9.8,31,,7.6
2006-03-03,-11.2,30,,11.9
2006-03-04,-10,31,,4.3
2006-03-05,-6.7,33,,4.2
2006-03-06,-9.4,33,,50.6
2006-03-07,-11.5,33,,131.0
2006-03-08,-12.1,34,,5.7
2006-03-09,-15,38,,167.9
2006-03-10,-14.7,36,,150.9
2006-03-11,-12.8,35,,175.0
2006-03-12,-9.4,35,,207.1
2006-03-13,-8.1,34,,237.6
2006-03-14,-6.6,34,,12.3
2006-03-15,-5.2,33,,40.0
2006-03-16,-4.7,32,,108.6
2006-03-17,-4.2,32,,144.7
2006-03-18,-1.4,31,,6.9
2006-03-19,-3.2,34,,42.6
2006-03-20,-6.9,35,,218.9
2006-03-21,-8.4,34,,159.1
2006-03-22,-8.4,34,,215.6
2006-03-23,-10.5,33,,226.9
2006-03-24,-7,33,,106.3
2006-03-25,-5.6,33,,190.7
2006-03-26,-4.3,32,,199.4
2006-03-27,-5,32,,57.9
2006-03-28,-1.9,32,,2.9
2006-03-29,-1.5,33,,4.1
2006-03-30,0.3,43,,3.0
2006-03-31,1,40,,6.7
2006-04-01,1,42,,3.3
2013-06-11,12.6,-1,7.0,342.45
2013-06-12,11.9,-1,1.0,32.2
2013-06-13,14.2,-1,0.0,26.3
2013-06-14,14,-1,7.0,0.2
2013-06-15,15.9,-1,8.0,353.7
2013-06-16,12.7,-1,0.0,96.45
2013-06-17,13.1,-1,1.0,5.8
2013-06-18,14.8,-1,0.0,669.25
2013-06-19,14.9,-1,0.0,607.6
2013-06-20,13.8,-1,1.0,1.7
2013-06-21,18.1,-1,3.0,112.4
2013-06-22,20,-1,7.0,8.9
2013-06-23,18.5,-1,0.0,19.0
2013-06-24,20.4,-1,0.0,63.0
2013-06-25,20.9,-1,7.0,4.4
2013-06-26,24.6,-1,1.0,17.25
2013-06-27,21.3,-1,7.0,6.2
2013-06-28,18,-1,8.0,214.3
2013-06-29,16.8,-1,0.0,1.6
2013-06-30,17.8,-1,8.0,117.0
2013-07-01,18.3,-1,7.0,537.4
2013-07-02,16.7,-1,7.0,39.0
2013-07-03,17.4,-1,0.0,371.25
2013-07-04,17.4,-1,0.0,308.0
2013-07-05,21.2,-1,5.0,117.35
2013-07-06,18.2,-1,7.0,5.4
2013-07-07,18.7,-1,0.0,779.0
2013-07-08,16.3,-1,0.0,5.0
2013-07-09,16.7,-1,0.0,603.2
2013-07-10,15.5,-1,7.0,1.5
2013-07-11,15.9,-1,0.0,616.0
2013-07-12,16.7,-1,0.0,707.6
2013-07-13,19.5,-1,0.0,608.2
2013-07-14,19.2,-1,0.0,503.9
2013-07-15,16.8,-1,7.0,640.0
2013-07-16,14.6,-1,7.0,577.7
2013-07-17,15.9,-1,0.0,690.4
2013-07-18,13.4,-1,7.0,1.8
2013-07-19,12.7,-1,0.0,11.95
2013-07-20,15.1,-1,3.0,21.15
2013-07-21,14.4,-1,7.0,1.5
2013-07-22,14.2,-1,7.0,2.2
2013-07-23,17.2,-1,8.0,2.1
2013-07-24,16.2,-1,0.0,1.9
2013-07-25,18.5,-1,0.0,239.2
2013-07-26,19.6,-1,5.0,234.2
2013-07-27,20.5,-1,0.0,726.25
2013-07-28,20.6,-1,0.0,462.3
2013-07-29,19.7,-1,0.0,2.3
2013-07-30,19.4,-1,7.0,0.5
2013-07-31,19.1,-1,7.0,104.2
2013-08-01,16.5,-1,0.0,4.2
2013-08-02,17.8,-1,7.0,72.05000000000001
2013-08-03,19.6,-1,0.0,594.4000000000001
2013-08-04,20.6,-1,0.0,415.8
2013-08-05,19.2,-1,8.0,484.95
2013-08-06,19.2,-1,0.0,538.25
2013-08-07,18.7,-1,0.0,2.7
2013-08-08,20.2,-1,3.0,1.8
2013-08-09,19,-1,3.0,0.9
2013-08-10,16.8,-1,8.0,1.6
2013-08-11,17.1,-1,3.0,75.6
2013-08-12,15.6,-1,1.0,11.8
2013-08-13,15,-1,1.0,227.8
2013-08-14,13.1,-1,7.0,0.4
2013-08-15,15.4,-1,8.0,353.65
2013-08-16,16.6,-1,3.0,569.6
2013-08-17,15.5,-1,0.0,1.4
2013-08-18,18.9,-1,7.0,15.8
2013-08-19,17.8,-1,7.0,339.9
2013-08-20,16.8,-1,0.0,229.55
2013-08-21,16.9,-1,7.0,221.1
2013-08-22,14.8,-1,8.0,3.2
2013-08-23,12.8,-1,0.0,535.3
2013-08-24,12.6,-1,0.0,607.9
2013-08-25,14.1,-1,0.0,782.8
2013-08-26,15.3,-1,0.0,731.1
2013-08-27,15.8,-1,0.0,664.9
2013-08-28,16.9,-1,0.0,2.0
2013-08-29,13.3,-1,0.0,1.6
2013-08-30,12.1,-1,1.0,1.0
2013-08-31,13.4,-1,3.0,1.1
2013-09-01,13.7,-1,0.0,0.7
2013-09-02,11,-1,1.0,1.5
2013-09-03,11.4,-1,0.0,1.8
2013-09-04,13.4,-1,0.0,2.5
2013-09-05,14,-1,0.0,4.2
2013-09-06,13.6,-1,0.0,1.6
2013-09-11,14.3,-1,7.0,3.5
2013-09-12,14,-1,7.0,3.7
2013-09-13,13.6,-1,9.0,4.95
2013-09-14,12.9,-1,1.0,688.6
2013-09-15,11.6,-1,0.0,3.0
2013-09-16,12.3,-1,0.0,1.7
2013-09-17,13,-1,7.0,0.8
2013-09-18,13.9,-1,0.0,0.3
2013-09-19,14.4,-1,7.0,0.2
2013-09-20,13.5,-1,7.0,0.8
2013-09-21,12.6,-1,7.0,1.1
2013-09-22,9.1,-1,0.0,102.5
2013-09-23,8.7,-1,3.0,1.2
2013-09-24,6.1,-1,8.0,2.6
2013-09-25,3.4,-1,7.0,3.1
2013-09-26,3.6,-1,0.0,1.0
2013-09-27,6.2,-1,8.0,1.3
2013-09-28,6,-1,7.0,1.1
2013-09-29,5.5,-1,8.0,0.6
2013-09-30,2.8,-1,7.0,1.2
2013-10-01,3.7,-1,7.0,1.2
2013-10-02,3.8,-1,0.0,1.8
2013-10-03,6.5,-1,0.0,559.6
2013-10-04,6.7,-1,0.0,439.3
2013-10-05,9.2,-1,1.0,0.7
2013-10-06,10.6,-1,7.0,0.9
2013-10-07,10.1,-1,7.0,0.6
2013-10-08,10,-1,7.0,0.4
2013-10-09,12.1,-1,8.0,0.3
2013-10-10,11.1,-1,8.0,0.3
2013-10-11,6.7,-1,7.0,129.8
2013-10-12,5.6,-1,0.0,1.6
2013-10-14,2.9,-1,0.0,310.7
2013-10-15,8,-1,7.0,0.5
2013-10-16,1,-1,0.0,231.35
2013-10-17,1.6,-1,7.0,0.5
2013-10-18,1.4,-1,8.0,1.0
2013-10-19,0.7,-1,0.0,1.3
2013-10-20,0,-1,1.0,2.3
2013-10-21,-1.2,-1,0.0,2.25
2013-10-22,-0.5,-1,0.0,1.3
2013-10-23,7.4,-1,8.0,0.3
2013-10-24,10.3,-1,8.0,0.3
2013-10-25,6.8,-1,7.0,0.7
2013-10-26,5.4,-1,0.0,0.5
2013-10-28,10.3,-1,8.0,0.4
2013-10-29,9.1,-1,7.0,0.4
2013-10-30,5.1,-1,7.0,0.8
2013-10-31,3.7,-1,7.0,1.5
2013-11-01,7.3,-1,7.0,0.6
2013-11-02,5.9,-1,8.0,0.6
2013-11-03,2.3,-1,8.0,0.6
2013-11-04,4.9,-1,8.0,0.4
2013-11-05,5.6,-1,5.0,0.3
2013-11-06,4.3,-1,8.0,1.0
2013-11-07,3.8,-1,7.0,0.8
2013-11-08,4,-1,7.0,0.6
2013-11-09,5.9,-1,5.0,0.4
2013-11-10,4.4,-1,7.0,0.5
2013-11-11,1.1,-1,7.0,1.3
2013-11-12,3.8,-1,7.0,0.7
2013-11-13,5,-1,7.0,0.3
2013-11-14,2.6,-1,0.0,0.9
2013-11-15,4.1,-1,7.0,0.7
2013-11-16,6.4,-1,8.0,0.5
2013-11-17,4.8,-1,1.0,0.8
2013-11-18,2.4,-1,0.0,1.05
2013-11-19,4.8,-1,8.0,0.4
2013-11-20,2.8,-1,7.0,0.6
2013-11-21,1.9,-1,8.0,0.4
2013-11-22,4.2,-1,8.0,0.6
2013-11-23,-0.1,-1,8.0,1.2
2013-11-24,-0.7,-1,8.0,1.1
2013-11-25,-3.2,-1,0.0,1.2
2013-11-26,-4.1,0,0.0,1.5
2013-11-27,2.6,0,8.0,0.6
2013-11-28,2.3,-1,0.0,0.5
2013-11-29,-2.8,0,8.0,2.4
2013-11-30,-1.9,0,7.0,1.3
2013-12-01,-0.3,3,7.0,1.3
2013-12-02,-3.1,4,1.0,1.2
2013-12-03,2.1,4,7.0,0.7
2013-12-04,-4.8,4,0.0,2.0
2013-12-05,-1.1,4,7.0,0.9
2013-12-06,0.6,5,8.0,0.3
2013-12-07,-2.3,11,8.0,0.7
2013-12-08,-4.9,11,7.0,0.8
2013-12-09,-8.3,10,8.0,1.2
2013-12-10,-5.5,9,7.0,1.1
2013-12-11,1.2,8,9.0,0.8
2013-12-12,2.7,6,8.0,0.7
2013-12-13,1,3,0.0,0.4
2013-12-14,-5.8,3,0.0,1.0
2013-12-15,-0.5,3,7.0,0.3
2013-12-16,3.5,2,8.0,0.5
2013-12-17,3.8,-1,8.0,0.4
2013-12-18,-0.1,-1,5.0,0.8
2013-12-19,1.3,-1,7.0,0.3
2013-12-20,2.1,0,7.0,0.4
2013-12-21,3.1,-1,8.0,0.4
2013-12-22,5.1,-1,7.0,0.2
2013-12-23,3,-1,7.0,0.4
2013-12-24,2.9,-1,8.0,0.4
2013-12-25,4.9,-1,7.0,0.2
2013-12-26,4.5,-1,8.0,0.3
2013-12-27,3.6,-1,7.0,0.2
2013-12-28,4.7,-1,8.0,0.3
2013-12-29,4.4,-1,8.0,0.3
2013-12-30,2.8,-1,7.0,0.3
2013-12-31,2.9,-1,3.0,0.5
2014-01-01,3.5,-1,8.0,0.2
2014-01-02,-0.2,-1,7.0,0.3
2014-01-03,0.1,-1,8.0,0.2
2014-01-04,0.9,-1,7.0,0.3
2014-01-05,2.9,-1,7.0,0.4
2014-01-06,1.2,-1,9.0,0.2
2014-01-07,2.5,-1,8.0,0.3
2014-01-08,3.6,-1,8.0,0.5
2014-01-09,2.5,-1,7.0,0.5
2014-01-10,-0.2,-1,,0.4
2014-01-11,-5.1,0,8.0,0.7
2014-01-12,-9.4,3,7.0,0.9
2014-01-13,-12.7,5,7.0,1.2
2014-01-14,-15.6,5,7.0,3.0
2014-01-15,-13.6,5,7.0,3.0
2014-01-16,-14.8,5,7.0,1.7
2014-01-17,-16.2,5,5.0,1.6
2014-01-18,-17.4,5,7.0,1.4
2014-01-19,-18.8,5,7.0,2.6
2014-01-20,-19.6,5,,2.7
2014-01-21,-15.9,5,,1.9
2014-01-22,-16.6,5,1.0,3.0
2014-01-23,-19.5,7,,1.7
2014-01-24,-20.3,6,7.0,2.3
2014-01-25,-10.5,7,7.0,1.8
2014-01-26,-8.4,7,8.0,0.9
2014-01-27,-10.2,6,8.0,0.3
2014-01-28,-11.5,9,7.0,0.5
2014-01-29,-11.8,8,7.0,246.1
2014-01-30,-12,7,,0.6
2014-01-31,-11.3,8,,0.4
2014-02-01,-7,12,8.0,0.2
2014-02-02,-4.4,14,8.0,0.2
2014-02-03,-0.7,14,8.0,0.6
2014-02-04,0,14,7.0,0.4
2014-02-05,-3,13,8.0,0.3
2014-02-06,-4.3,13,8.0,0.7
2014-02-07,-2.3,13,8.0,0.5
2014-02-08,1.3,12,7.0,0.4
2014-02-09,2,10,7.0,0.4
2014-02-10,1,7,8.0,0.2
2014-02-11,0.5,6,8.0,0.6
2014-02-12,0.2,5,8.0,0.4
2014-02-13,0.9,7,8.0,0.6
2014-02-14,0.2,6,7.0,0.3
2014-02-15,-0.4,6,8.0,0.3
2014-02-16,0.8,5,7.0,0.3
2014-02-17,1.5,3,8.0,0.5
2014-02-18,0.8,0,9.0,0.7
2014-02-19,0.3,-1,7.0,1.0
2014-02-20,-3,-1,8.0,0.4
2014-02-21,-3.1,-1,8.0,0.4
2014-02-22,1.6,2,8.0,0.5
2014-02-23,3.1,-1,8.0,0.6
2014-02-24,4.5,-1,7.0,0.5
2014-02-25,1.8,-1,,0.3
2014-02-26,-0.6,-1,,0.4
2014-02-27,0.1,-1,8.0,0.3
2014-02-28,0.1,-1,8.0,0.4
2014-03-01,-0.1,-1,7.0,0.9
2014-03-02,0.1,-1,7.0,0.2
2014-03-03,0.7,-1,8.0,0.5
2014-03-04,0.9,-1,8.0,0.6
2014-03-05,1.1,-1,7.0,0.5
2014-03-06,0,-1,7.0,0.6
2014-03-07,2.7,-1,8.0,0.4
2014-03-08,3.3,-1,7.0,1.2
2006-04-02,-1.5,38,,4.1
2006-04-03,0.5,40,,3.2
2006-04-04,1.3,40,,3.9
2006-04-05,0.6,38,,8.2
2006-04-06,0.2,35,,31.8
2006-04-07,0.4,35,,8.2
2006-04-08,1.4,35,,-
2006-04-09,3.6,34,,-
2006-04-10,1.5,30,,-
2006-04-11,0.9,32,,5.4
2006-04-12,2.6,32,,157.9
2006-04-13,2.6,25,,-
2006-04-14,3.9,25,,-
2006-04-15,4.3,24,,-
2006-04-16,4.4,21,,-
2006-04-17,4.1,20,,-
2006-04-18,3.7,14,,-
2006-04-19,4,9,,88.6
2006-04-20,2.9,5,,13.5
2006-04-21,4.4,4,,169.8
2006-04-22,4.6,2,,239.6
2006-04-23,4.8,0,,290.7
2006-04-24,6.7,0,,284.7
2006-04-25,7.8,-1,,81.6
2006-04-26,10.3,-1,,200
2006-04-27,10.3,-1,,174.2
2006-04-28,10.9,-1,,149.7
2006-04-29,9.8,-1,,169.5
2006-04-30,8,-1,,300.4
2006-05-01,9.2,-1,,250.3
2006-05-02,11.1,-1,,83.4
2006-05-03,12.5,-1,,122
2006-05-04,12.6,-1,,218.8
2006-05-05,14.4,-1,,228.4
2006-05-06,15.5,-1,,267.1
2006-05-07,16.1,-1,,273.1
2006-05-08,15.8,-1,,235.7
2006-05-09,15.8,-1,,298.2
2006-05-10,11.7,-1,,300.2
2006-05-11,11.3,-1,,226.5
2006-05-12,12.7,-1,,148.4
2006-05-13,11.4,-1,,107.2
2006-05-14,8.8,-1,,319.3
2006-05-15,5.8,0,,106.7
2006-05-16,4.9,-1,,206.9
2006-05-17,5.9,-1,,329.3
2006-05-18,7.8,-1,,179.3
2006-05-19,9.6,-1,,74.3
2006-05-20,8.7,-1,,3.1
2006-05-21,11.1,-1,,42.2
2006-05-22,14.2,-1,,180.9
2006-05-23,11.6,-1,,3.9
2006-05-24,9,-1,,4.8
2006-05-25,10.2,-1,,114.6
2006-05-26,6.8,-1,,3.9
2006-05-27,8,-1,,13.6
2006-05-28,9.3,-1,,88.6
2006-05-29,8.1,-1,,76.9
2006-05-30,10,-1,,111.9
2006-05-31,10.7,-1,,152
2006-06-01,11.6,-1,,228.8
2006-06-02,13.4,-1,,262.3
2006-06-03,10.4,-1,,3.1
2006-06-04,12.5,-1,,285.2
2006-06-05,11.9,-1,,170.8
2006-06-06,9.2,-1,,72.7
2006-06-07,9.7,-1,,77.3
2006-06-08,12.3,-1,,108
2006-06-09,13.3,-1,,83.2
2006-06-10,14.4,-1,,340.8
2006-06-11,15.7,-1,,287.8
2006-06-12,19.6,-1,,333
2006-06-13,21.3,-1,,335
2006-06-14,20,-1,,219.7
2006-06-15,13.2,-1,,243.2
2006-06-16,15.9,-1,,-
2006-06-17,19.8,-1,,-
2006-06-18,21.1,-1,,347.5
2006-06-19,21.9,-1,,251
2006-06-20,22.5,-1,,280.7
2006-06-21,22.5,-1,,161.4
2006-06-22,19.5,-1,,40
2006-06-23,18,-1,,207
2006-06-24,17.6,-1,,294.2
2006-06-25,17.1,-1,,213.4
2006-06-26,16.9,-1,,195
2006-06-27,13.6,-1,,2.1
2006-06-28,15.5,-1,,21.2
2006-06-29,16.9,-1,,259.4
2006-06-30,17.8,-1,,336.4
2006-07-01,17.7,-1,,297.2
2006-07-02,20.3,-1,,208.5
2006-07-03,21.6,-1,,309.6
2006-07-04,21.5,-1,,259.4
2006-07-05,18.6,-1,,340.3
2006-07-06,20.6,-1,,217.4
2006-07-07,23.9,-1,,272.2
2006-07-08,25.5,-1,,246.9
2006-07-09,24,-1,,261.6
2006-07-10,21.3,-1,,157.6
2006-07-11,21.5,-1,,182.5
2006-07-12,19.2,-1,,240.5
2006-07-13,18.7,-1,,265.6
2006-07-14,17.8,-1,,272.5
2006-07-15,16,-1,,287.4
2006-07-16,16.9,-1,,348.7
2006-07-17,19.6,-1,,281.7
2006-07-18,17.5,-1,,298
2006-07-19,14.7,-1,,239.1
2006-07-20,15.3,-1,,121.7
2006-07-21,13.6,-1,,24.1
2006-07-22,14.6,-1,,71
2006-07-23,18.7,-1,,245.2
2006-07-24,18.1,-1,,-
2006-07-25,19.7,-1,,-
2006-07-26,18.4,-1,,-
2006-07-27,15.6,-1,,314.1
2006-07-28,16.5,-1,,-
2006-07-29,19.3,-1,,-
2006-07-30,15.6,-1,,-
2006-07-31,16.8,-1,,-
2006-08-01,16.7,-1,,-
2006-08-02,17.5,-1,,-
2006-08-03,17.9,-1,,225.6
2006-08-04,18.5,-1,,244.2
2006-08-05,20,-1,,301.3
2006-08-06,21.2,-1,,192.8
2006-08-07,20.5,-1,,201.5
2006-08-08,18.9,-1,,23.4
2006-08-09,20.5,-1,,76
2006-08-10,19.1,-1,,133.5
2006-08-11,18.8,-1,,215.7
2006-08-12,18.6,-1,,133.7
2006-08-13,19.2,-1,,77.2
2006-08-14,20.1,-1,,62.6
2006-08-15,18.2,-1,,27.9
2006-08-16,17.1,-1,,108.3
2006-08-17,17,-1,,42.2
2006-08-18,17.4,-1,,167.2
2006-08-19,18,-1,,166.9
2006-08-20,18.6,-1,,72.8
2006-08-21,18.3,-1,,81.3
2006-08-22,17.7,-1,,35.2
2006-08-23,18.4,-1,,140.9
2006-08-24,17.9,-1,,189.7
2006-08-25,17.9,-1,,136.1
2006-08-26,17.4,-1,,151.7
2006-08-27,16.7,-1,,126.4
2006-08-28,15.2,-1,,12.2
2006-08-29,15.5,-1,,53.8
2006-08-30,14.9,-1,,166.8
2006-08-31,17.2,-1,,108.5
2006-09-01,15.5,-1,,123.4
2006-09-02,16,-1,,34.1
2006-09-03,16.9,-1,,43.8
2006-09-04,15.6,-1,,56.2
2006-09-05,13.1,-1,,46
2006-09-06,14.8,-1,,127.1
2006-09-07,13.1,-1,,8.9
2006-09-08,12.3,-1,,10.8
2006-09-09,11.4,-1,,150.8
2006-09-10,13.1,-1,,186.1
2006-09-11,14.5,-1,,190.5
2006-09-12,15.5,-1,,141.4
2006-09-13,16,-1,,211.4
2006-09-14,13.8,-1,,171.1
2006-09-15,7.3,-1,,255.9
2006-09-16,8.7,-1,,254.3
2006-09-17,10.1,-1,,155.4
2006-09-18,13,-1,,32.2
2006-09-19,14.3,-1,,8.9
2006-09-20,15.1,-1,,70.6
2006-09-21,14.5,-1,,167.9
2006-09-22,15.4,-1,,101.7
2006-09-23,15.8,-1,,199
2006-09-24,15.4,-1,,107.8
2006-09-25,10.3,-1,,9.9
2006-09-26,11,-1,,146.2
2006-09-27,14.4,-1,,71.1
2006-09-28,13.8,-1,,3.7
2006-09-29,8.3,-1,,3.7
2006-09-30,9.2,-1,,4.3
2006-10-01,9.7,-1,,3.1
2006-10-02,12.3,-1,,54.5
2006-10-03,11.9,-1,,13.1
2006-10-04,12.6,-1,,5.5
2006-10-05,12,-1,,27.8
2006-10-06,10.4,-1,,46.2
2006-10-07,10,-1,,3.4
2006-10-08,12.4,-1,,27.2
2006-10-09,9.5,-1,,9.3
2006-10-10,7,-1,,3.8
2006-10-11,9.6,-1,,6.2
2006-10-12,8.2,-1,,26.7
2006-10-13,7.5,-1,,40.1
2006-10-14,8.8,-1,,9.7
2006-10-15,5.4,-1,,20.7
2006-10-16,7,-1,,3.3
2006-10-17,8.2,-1,,7.9
2006-10-18,4.4,-1,,146.4
2006-10-19,1.8,-1,,12.8
2006-10-20,2.1,-1,,10.8
2006-10-21,1.5,-1,,3
2006-10-22,7.2,-1,,3.3
2006-10-23,10.7,-1,,3.3
2006-10-24,12.1,-1,,8.5
2006-10-25,4.8,-1,,3.2
2006-10-26,2.2,-1,,9.8
2006-10-27,8.2,-1,,6.6
2006-10-28,0.8,0,,33.4
2006-10-29,-1.2,0,,158.1
2006-10-30,-1,0,,4.5
2006-10-31,-3,-1,,-
2006-11-01,-3.1,19,,-
2006-11-02,-5.1,18,,116.9
2006-11-03,-5.1,18,,101.7
2006-11-04,-9.8,18,,122.9
2006-11-05,-9.1,18,,4.2
2006-11-06,-1.5,20,,3.2
2006-11-07,2.6,15,,10.9
2006-11-08,1.5,10,,126.3
2006-11-09,-2.9,9,,80.2
2006-11-10,-1.2,9,,76.6
2006-11-11,-4,9,,4.4
2006-11-12,-0.3,10,,3.6
2006-11-13,-2.5,11,,3.3
2006-11-14,-0.4,11,,3.9
2006-11-15,1.6,12,,2.8
2006-11-16,0.6,11,,2.9
2006-11-17,2.3,11,,2.7
2006-11-18,4.6,4,,2.8
2006-11-19,5.2,2,,6.5
2006-11-20,3.9,0,,17.2
2006-11-21,3.5,0,,2.8
2005-04-09,4.2,-1,,59.9
2005-04-10,2.8,-1,,131.7
2005-04-11,3.2,-1,,19.5
2005-04-12,5.3,-1,,133.3
2005-04-13,7.9,-1,,112.4
2005-04-14,7,-1,,186.9
2005-04-15,5.3,-1,,-
2005-04-16,5.4,-1,,-
2005-04-17,5.4,-1,,287.7
2005-04-18,3.6,-1,,278.5
2005-04-19,-0.1,-1,,233.7
2005-04-20,-0.1,-1,,62.8
2005-04-21,-0.6,-1,,90.8
2005-04-22,0.4,-1,,17
2005-04-23,2,-1,,119
2005-04-24,3.6,-1,,266.6
2005-04-25,6.5,-1,,285.1
2005-04-26,7.1,-1,,202.8
2005-04-27,8,-1,,189.4
2005-04-28,8.2,-1,,130.4
2005-04-29,7.6,-1,,131.8
2005-04-30,4.6,-1,,7
2005-05-01,2.2,-1,,96.1
2005-05-02,6.2,-1,,152.9
2005-05-03,6,-1,,5.8
2005-05-04,7.3,-1,,4.3
2005-05-05,7,-1,,2.2
2005-05-06,9.1,-1,,134.4
2005-05-07,9,-1,,73.8
2005-05-08,8.2,-1,,172.1
2005-05-09,10.4,-1,,168
2005-05-10,9.2,-1,,176.1
2005-05-11,9.8,-1,,121.3
2005-05-12,9.9,-1,,170.3
2005-05-13,10.9,-1,,252.7
2005-05-14,10,-1,,270.7
2005-05-15,9.4,-1,,13.6
2005-05-16,8.2,-1,,47.4
2005-05-17,8.4,-1,,76.6
2005-05-18,7.1,-1,,21.6
2005-05-19,7.3,-1,,190.3
2005-05-20,10.3,-1,,304.6
2005-05-21,12.6,-1,,302.6
2005-05-22,15.4,-1,,75.7
2005-05-23,17.1,-1,,120.3
2005-05-24,18.6,-1,,120.4
2005-05-25,14.7,-1,,238.3
2005-05-26,13.5,-1,,50.9
2005-05-27,14.3,-1,,218.7
2005-05-28,10.5,-1,,360.8
2005-05-29,8.3,-1,,6.1
2005-05-30,9.2,-1,,18.5
2005-05-31,10.8,-1,,122.7
2005-06-01,8.5,-1,,38.6
2005-06-02,10.3,-1,,180.2
2005-06-03,11,-1,,171
2005-06-04,10.9,-1,,4.6
2005-06-05,13.4,-1,,41.6
2005-06-06,11,-1,,9.6
2005-06-07,11,-1,,144
2005-06-08,12.1,-1,,320.2
2005-06-09,13.7,-1,,168.9
2005-06-10,15,-1,,262.3
2005-06-11,16.3,-1,,115.9
2005-06-12,15.8,-1,,13.1
2005-06-13,12.6,-1,,13.5
2005-06-14,13.2,-1,,206.7
2005-06-15,16.8,-1,,240
2005-06-16,14.5,-1,,306.3
2005-06-17,16.9,-1,,127.9
2005-06-18,17.7,-1,,217.6
2005-06-19,16.2,-1,,283.3
2005-06-20,16.1,-1,,264.3
2005-06-21,17.2,-1,,190.9
2005-06-22,17.4,-1,,128.3
2005-06-23,16.2,-1,,132.9
2005-06-24,19.4,-1,,223.8
2005-06-25,12.1,-1,,62.7
2005-06-26,13.2,-1,,307.2
2005-06-27,13.5,-1,,74.5
2005-06-28,10.6,-1,,86.3
2005-06-29,11.8,-1,,66.5
2005-06-30,13.9,-1,,28.7
2005-07-01,16.3,-1,,276.6
2005-07-02,16.2,-1,,299.8
2005-07-03,18.3,-1,,346.7
2005-07-04,20,-1,,270.2
2005-07-05,21.4,-1,,-
2005-07-06,21.9,-1,,-
2005-07-07,19.2,-1,,-
2005-07-08,17.9,-1,,185.6
2005-07-09,20,-1,,284.6
2005-07-10,23,-1,,318.1
2005-07-11,22.5,-1,,296.1
2005-07-12,21.1,-1,,313.4
2005-07-13,22.7,-1,,312.5
2005-07-14,19,-1,,325.9
2005-07-15,18.6,-1,,163.5
2005-07-16,20.8,-1,,132.6
2005-07-17,19.6,-1,,67.7
2005-07-18,19.9,-1,,131.4
2005-07-19,17.4,-1,,38.5
2005-07-20,17.8,-1,,119.7
2005-07-21,17.7,-1,,158.8
2005-07-22,15.8,-1,,4.5
2005-07-23,16.3,-1,,52.3
2005-07-24,16.5,-1,,39
2005-07-25,16.9,-1,,32.3
2005-07-26,18.6,-1,,59.2
2005-07-27,17.3,-1,,29.1
2005-07-28,18.4,-1,,239.6
2005-07-29,16.5,-1,,111.8
2005-07-30,15.9,-1,,262.8
2005-07-31,18.4,-1,,267.1
2005-08-01,17.2,-1,,22.5
2005-08-02,16.2,-1,,90.3
2005-08-03,16,-1,,317.9
2005-08-04,15.3,-1,,4.7
2005-08-05,16.6,-1,,177
2005-08-06,16.9,-1,,131.3
2005-08-07,16.5,-1,,96
2005-08-08,17.1,-1,,2.5
2005-08-09,21.4,-1,,117.3
2005-08-10,14.9,-1,,3.8
2005-08-11,14.2,-1,,4.5
2005-08-12,15.9,-1,,-
2005-08-13,16.5,-1,,-
2005-08-14,15.8,-1,,32.8
2005-08-15,15.6,-1,,190.2
2005-08-16,14.2,-1,,19.9
2005-08-17,12.6,-1,,202.5
2005-08-18,14.4,-1,,246.7
2005-08-19,16.9,-1,,262.9
2005-08-20,17.5,-1,,213.7
2005-08-21,15.3,-1,,84.5
2005-08-22,14.3,-1,,263.5
2005-08-23,15.9,-1,,129.7
2005-08-24,17.9,-1,,151.8
2005-08-25,19.5,-1,,173.6
2005-08-26,17,-1,,12.8
2005-08-27,13.2,-1,,116.8
2005-08-28,12.3,-1,,19
2005-08-29,13.8,-1,,77.1
2005-08-30,14.7,-1,,103.9
2005-08-31,12.6,-1,,269.2
2005-09-01,12.4,-1,,282.3
2005-09-02,13.8,-1,,280
2005-09-03,14.4,-1,,106.1
2005-09-04,12.9,-1,,147.7
2005-09-05,13.4,-1,,75.9
2005-09-06,13.3,-1,,73.4
2005-09-07,17.7,-1,,177.9
2005-09-08,16.2,-1,,26.1
2005-09-09,14.9,-1,,253.8
2005-09-10,9.8,-1,,144.8
2005-09-11,9,-1,,201.9
2005-09-12,9.9,-1,,8.6
2005-09-13,9.2,-1,,190.5
2005-09-14,13.5,-1,,1.9
2005-09-15,9.1,-1,,4.4
2005-09-16,6.1,-1,,219.8
2005-09-17,5,-1,,203.4
2005-09-18,8,-1,,26.7
2005-09-19,12.6,-1,,147.9
2005-09-20,12.7,-1,,1.8
2005-09-21,13,-1,,57.1
2005-09-22,11.3,-1,,94.3
2005-09-23,12.4,-1,,89.6
2005-09-24,13.6,-1,,25.1
2005-09-25,13,-1,,13.5
2005-09-26,12.9,-1,,122.6
2005-09-27,14.4,-1,,113.6
2005-09-28,14,-1,,3.4
2005-09-29,11.4,-1,,92.7
2005-09-30,6.9,-1,,138.8
2005-10-01,8,-1,,68.4
2005-10-02,11.8,-1,,10.1
2005-10-03,12,-1,,84.8
2005-10-04,10.6,-1,,124.5
2005-10-05,10.7,-1,,202
2005-10-06,9.8,-1,,1.8
2005-10-07,10.1,-1,,18.8
2005-10-08,12.1,-1,,105
2005-10-09,11.9,-1,,104.4
2005-10-10,12.6,-1,,133.3
2005-10-11,12.8,-1,,105
2005-10-12,10.4,-1,,79.8
2005-10-13,7.6,-1,,64.7
2005-10-14,6,-1,,5.7
2005-10-15,6.3,-1,,62.8
2005-10-16,5.6,-1,,1.8
2005-10-17,3.4,-1,,61.6
2005-10-18,4,-1,,135.5
2005-10-19,1.5,-1,,10.5
2005-10-20,7.6,-1,,105.9
2005-10-21,8.6,-1,,0.7
2005-10-22,7.4,-1,,0.6
2005-10-23,2,-1,,0.9
2005-10-24,-0.9,-1,,114.3
2005-10-25,-0.7,-1,,131.2
2005-10-26,-0.2,5,,0.7
2005-10-27,-1.6,1,,1.5
2005-10-28,0.3,1,,0.7
2005-10-29,5.1,-1,,138.2
2005-10-30,6,-1,,0.4
2005-10-31,6.5,-1,,0.2
2005-11-01,5.9,-1,,65.7
2005-11-02,5.6,-1,,3.6
2005-11-03,8.4,-1,,2.5
2005-11-04,7.4,-1,,0.2
2005-11-05,8.9,-1,,0.1
2005-11-06,8.4,-1,,0.4
2005-11-07,8.5,-1,,0.2
2005-11-08,7.8,-1,,4.8
2005-11-09,8.7,-1,,-
2005-11-10,8,-1,,-
2005-11-11,7.2,-1,,3.3
2005-11-12,7.5,-1,,0.1
2005-11-13,8.7,-1,,28.9
2005-11-14,6.5,-1,,0.2
2005-11-15,5.7,-1,,3.7
2005-11-16,0.1,0,,97.9
2005-11-17,-0.8,1,,1.8
2005-11-18,-0.7,1,,31.7
2005-11-19,-1.3,1,,31.2
2005-11-20,-2.2,1,,0.6
2005-11-21,-1.7,1,,4.7
2005-11-22,-2.4,1,,17.6
2005-11-23,2.4,-1,,0.1
2005-11-24,4.2,-1,,0.1
2005-11-25,0.9,-1,,0.1
2005-11-26,-0.7,1,,0.5
2005-11-27,-0.6,5,,3.1
2005-11-28,0.9,5,,0.1
2005-11-29,0.6,5,,0.5
2005-11-30,-0.7,7,,0.4
2005-12-01,-2.2,9,,8.7
2005-12-02,1.3,11,,0.2
2005-12-03,-1,7,,4
2005-12-04,-2.7,7,,46.8
2005-12-05,-0.8,6,,0.2
2005-12-06,0.2,9,,0.2
2005-12-07,-1,7,,0.3
2005-12-08,-3.6,7,,0.2
2005-12-09,-5.8,7,,0.5
2005-12-10,-4.7,7,,1.4
2005-12-11,0,7,,0.3
2005-12-12,2.7,6,,37.6
2005-12-13,0.5,6,,64.9
2005-12-14,-4.3,6,,40.7
2005-12-15,-0.1,9,,0.2
2005-12-16,-5,17,,14.3
2005-12-17,-11.6,17,,7.8
2005-12-18,-11.5,17,,50.9
2005-12-19,-7.7,17,,0.4
2005-12-20,-6.3,19,,0.4
2005-12-21,-13.1,19,,66.4
2005-12-22,-16.6,19,,43.6
2005-12-23,-7.4,19,,0.2
2005-12-24,0.1,17,,0.1
2005-12-25,-2.5,18,,14.7
2005-12-26,-8.6,19,,1.3
2005-12-27,-8.6,19,,0.3
2005-12-28,-8.8,19,,2.5
2005-12-29,-6.7,19,,0.2
2005-12-30,-2.4,20,,0.3
2005-12-31,-0.1,20,,0.2
2010-01-01,-15.4,26,7.0,2.1
2010-01-02,-19.3,26,0.0,3.4
2010-01-03,-16.4,27,7.0,2.4
2010-01-04,-6.5,28,7.0,1.4
2010-01-05,-14.4,30,8.0,2.9
2010-01-06,-24.2,30,0.0,3
2010-01-07,-14.7,30,7.0,5.9
2010-01-08,-18.9,31,8.0,3.8
2010-01-09,-20.7,30,0.0,3.8
2010-01-10,-14.9,30,8.0,2.3
2010-01-11,-3.6,30,7.0,3.1
2010-01-12,-2.1,30,8.0,2.3
2010-01-13,-5.7,29,8.0,2.4
2010-01-14,-7.3,28,8.0,2.7
2010-01-15,-4.7,28,8.0,2.9
2010-01-16,-5.2,27,7.0,1.5
2010-01-17,-7.5,27,8.0,1.4
2010-01-18,-8.5,26,1.0,0.6
2010-01-19,-9.4,26,5.0,1.1
2010-01-20,-13.8,25,5.0,1.9
2010-01-21,-18.5,25,5.0,1.8
2010-01-22,-16.9,25,7.0,2.3
2010-01-23,-15.9,25,8.0,2.7
2010-01-24,-16.9,25,8.0,2.8
2010-01-25,-12.1,25,7.0,2
2010-01-26,-20.1,25,7.0,0.9
2010-01-27,-20.4,25,0.0,0.5
2010-01-28,-19.7,25,7.0,63.3
2010-01-29,-16.4,25,5.0,1.4
2010-01-30,-10.9,26,8.0,0.8
2010-01-31,-4.5,30,7.0,2.2
2010-02-01,-6.9,31,8.0,4.6
2010-02-02,-7.3,36,7.0,2.4
2010-02-03,-7.3,36,8.0,2.9
2010-02-04,-4.6,34,7.0,3.8
2010-02-05,-3.4,35,7.0,3.3
2010-02-06,-5.7,34,8.0,2.3
2010-02-07,-4.4,34,7.0,3.8
2010-02-08,-2.7,34,8.0,-
2010-02-09,-8,39,8.0,-
2010-02-10,-13.7,41,7.0,-
2010-02-11,-13.1,41,0.0,25.7
2010-02-12,-9.3,42,8.0,62.1
2010-02-13,-10.2,42,8.0,2
2010-02-14,-11.9,41,3.0,30.4
2010-02-15,-7.7,41,7.0,104.8
2010-02-16,-7,40,8.0,141.2
2010-02-17,-9.4,39,8.0,103.4
2010-02-18,-14.3,39,8.0,133
2010-02-19,-16.9,39,0.0,83
2010-02-20,-20,38,0.0,93.5
2010-02-21,-18.3,41,7.0,173.1
2010-02-22,-14.7,48,8.0,6.5
2010-02-23,-17,50,5.0,109.9
2010-02-24,-15.4,52,,2.6
2010-02-25,-11,50,7.0,139.9
2010-02-26,-6.2,48,7.0,168
2010-02-27,-0.4,47,8.0,2.7
2010-02-28,0.7,44,7.0,6.2
2011-01-01,-6.5,32,7.0,1.5
2011-01-02,-11.3,32,8.0,4.3
2011-01-03,-14.5,32,7.0,3.2
2011-01-04,-16.6,32,7.0,3.8
2011-01-05,-14.6,32,7.0,2.9
2011-01-06,-8.2,32,7.0,1.6
2011-01-07,-4.8,34,8.0,1.9
2011-01-08,-3.3,43,8.0,2.7
2011-01-09,0.5,41,8.0,1.5
2011-01-10,0.6,35,8.0,1.7
2011-01-11,0.3,33,1.0,1.4
2011-01-12,-2.5,32,8.0,3.7
2011-01-13,-4.2,44,8.0,2.2
2011-01-14,-6.4,46,8.0,3.0
2011-01-15,-17.9,44,7.0,6.9
2011-01-16,-14.4,43,0.0,1.0
2011-01-17,-1.5,45,8.0,1.3
2011-01-18,0.3,43,8.0,1.3
2011-01-19,-0.4,58,9.0,2.2
2011-01-20,-3.5,59,8.0,2.3
2011-01-21,-7.1,55,7.0,0.9
2011-01-22,-6,59,7.0,2.0
2011-01-23,-6.3,56,8.0,2.1
2011-01-24,-3.6,57,8.0,3.0
2011-01-25,-4.8,58,8.0,6.2
2011-01-26,-15.8,58,0.0,2.9
2011-01-27,-10.9,57,3.0,2.3
2011-01-28,-0.9,57,5.0,39.1
2011-01-29,-2.1,53,0.0,2.1
2011-01-30,-5,52,7.0,15.2
2011-01-31,-5.2,51,7.0,2.8
2011-02-01,-1.3,50,3.0,2.4
2011-02-02,0.6,50,8.0,2.7
2011-02-03,-1,49,8.0,1.1
2011-02-04,-0.6,52,7.0,22.7
2011-02-05,-1.7,56,7.0,0.9
2011-02-06,-2.8,55,7.0,26.2
2011-02-07,-3.9,54,8.0,2.6
2011-02-08,-1.2,58,8.0,2.0
2011-02-09,-8.5,58,0.0,132.4
2011-02-10,-12.8,56,0.0,134.2
2011-02-11,-12.7,55,7.0,48.3
2011-02-12,-12.5,56,9.0,121.3
2011-02-13,-18.7,56,0.0,75.2
2011-02-14,-21.7,55,0.0,98.2
2011-02-15,-23.1,55,0.0,41.1
2011-02-16,-19.8,55,0.0,143.8
2011-02-17,-20.1,54,8.0,149.6
2011-02-18,-24.1,54,5.0,95.6
2011-02-19,-23.1,54,7.0,134.4
2011-02-20,-21.5,54,1.0,170.3
2011-02-21,-18.7,58,5.0,155.4
2011-02-22,-17.6,57,0.0,193.0
2011-02-23,-19.2,57,7.0,143.4
2011-02-24,-19.1,57,0.0,119.1
2011-02-25,-14.1,56,0.0,1.3
2011-02-26,-3.5,56,7.0,1.3
2011-02-27,-3.3,56,8.0,0.9
2011-02-28,-7.6,56,0.0,155.2
2012-01-01,-6.4,2,5.0,1.5
2012-01-02,-1.1,3,8.0,0.9
2012-01-03,1.2,8,8.0,0.4
2012-01-04,1.4,8,8.0,0.3
2012-01-05,0.7,5,8.0,1.0
2012-01-06,-2.9,6,7.0,1.9
2012-01-07,-6.4,12,7.0,1.8
2012-01-08,-13.8,11,8.0,2.4
2012-01-09,-7.4,10,8.0,4.5
2012-01-10,-6.1,10,8.0,3.4
2012-01-11,-1.5,11,7.0,1.7
2012-01-12,-0.9,20,1.0,0.9
2012-01-13,-3,26,8.0,1.1
2012-01-14,-7.3,26,8.0,1.9
2012-01-15,-10.5,26,8.0,3.2
2012-01-16,-13.2,25,7.0,2.4
2012-01-17,-7.8,27,8.0,8.9
2012-01-18,-4.9,28,8.0,3.4
2012-01-19,-2.8,30,7.0,1.4
2012-01-20,-1.7,33,5.0,1.7
2012-01-21,-3.6,36,7.0,1.5
2012-01-22,-3.5,39,8.0,2.0
2012-01-23,-4.8,40,8.0,5.7
2012-01-24,-10.8,41,3.0,24.7
2012-01-25,-9.7,40,7.0,26.3
2012-01-26,-8,39,7.0,3.7
2012-01-27,-8.7,37,7.0,48.8
2012-01-28,-9.4,35,7.0,8.2
2012-01-29,-14.7,35,7.0,2.8
2012-01-30,-13.3,35,7.0,24.0
2012-01-31,-19.5,34,7.0,49.2
2012-02-01,-19.2,34,5.0,88.5
2012-02-02,-21.9,34,0.0,90.5
2012-02-03,-20.7,33,7.0,82.8
2012-02-04,-24.3,33,0.0,22.7
2012-02-05,-19.1,33,1.0,29.4
2012-02-06,-6.8,33,7.0,3.8
2012-02-07,-8.1,34,8.0,74.2
2012-02-08,-16.4,36,0.0,110.6
2012-02-09,-18.4,35,7.0,90.6
2012-02-10,-21,35,0.0,1.6
2012-02-11,-9.4,35,8.0,1.0
2012-02-12,-5.1,36,8.0,1.4
2012-02-13,-9,40,8.0,3.4
2012-02-14,-6.4,40,7.0,1.2
2012-02-15,-3.1,41,7.0,3.1
2012-02-16,-4.2,41,8.0,3.9
2012-02-17,-4.1,42,8.0,3.1
2012-02-18,-5.1,43,7.0,0.8
2012-02-19,-4.4,41,8.0,1.1
2012-02-20,-1.8,45,7.0,32.1
2012-02-21,-0.6,45,1.0,1.3
2012-02-22,-1.7,42,0.0,148.6
2012-02-23,1.2,40,8.0,2.5
2012-02-24,-2.9,38,8.0,70.7
2012-02-25,-3.5,39,7.0,4.7
2012-02-26,-4.9,43,8.0,98.0
2012-02-27,-7.6,41,0.0,161.8
2012-02-28,-4.7,44,0.0,1.4
2012-02-29,-1,48,8.0,212.3
2009-11-01,-1.9,-1,7.0,2.3
2009-11-02,1,-1,8.0,1.4
2009-11-03,0.6,-1,7.0,1.2
2009-11-04,-0.8,-1,0.0,1.9
2009-11-05,-0.4,1,7.0,2.3
2009-11-06,0.2,3,7.0,1.7
2009-11-07,1,17,8.0,1.5
2009-11-08,0,6,8.0,2.3
2009-11-09,-2.4,4,9.0,4.9
2009-11-10,-1.4,4,8.0,2.4
2009-11-11,-0.1,4,7.0,1.8
2009-11-12,-2.1,4,7.0,2.4
2009-11-13,-4.3,4,8.0,3.1
2009-11-14,-5.5,4,8.0,3.1
2009-11-15,2.3,4,8.0,2.1
2009-11-16,2.6,0,7.0,2.1
2009-11-17,2.3,-1,7.0,2.2
2009-11-18,4.3,-1,8.0,2.5
2009-11-19,5.3,-1,8.0,3
2009-11-20,5.6,-1,8.0,2.1
2009-11-21,6.8,-1,7.0,1.9
2009-11-22,2.5,-1,0.0,3
2009-11-23,6.4,-1,8.0,1.3
2009-11-24,5.3,-1,8.0,1.9
2009-11-25,4.8,-1,9.0,1.8
2009-11-26,5.8,-1,7.0,1.3
2009-11-27,5.4,-1,7.0,1.9
2009-11-28,3.9,-1,8.0,1.7
2009-11-29,3.1,-1,7.0,3.1
2009-11-30,4.2,-1,8.0,2.3
2009-12-01,3.8,-1,7.0,1.9
2009-12-02,-2.7,-1,7.0,12
2009-12-03,-3.2,-1,9.0,7.8
2009-12-04,-2.1,-1,8.0,4.1
2009-12-05,-1,-1,8.0,3.2
2009-12-06,0.2,0,8.0,2.7
2009-12-07,0.6,0,7.0,2.2
2009-12-08,0.9,-1,8.0,2
2009-12-09,-0.4,-1,8.0,2.5
2009-12-10,-0.8,-1,7.0,2.5
2009-12-11,-1.5,0,8.0,2.2
2009-12-12,-3.2,1,7.0,2.6
2009-12-13,-4,2,8.0,1.7
2009-12-14,-14.8,3,0.0,3.7
2009-12-15,-17.5,3,0.0,4
2009-12-16,-18.3,3,0.0,2
2009-12-17,-17.5,3,1.0,3.7
2009-12-18,-20.1,3,0.0,2
2009-12-19,-11,3,7.0,3.8
2009-12-20,-7.8,3,7.0,1.9
2009-12-21,-12.3,6,8.0,-
2009-12-22,-10.7,9,9.0,-
2009-12-23,-3.8,13,5.0,1.2
2009-12-24,-6.4,19,8.0,-
2009-12-25,-11.5,19,7.0,-
2009-12-26,-7.5,19,8.0,4.4
2009-12-27,-10.7,20,7.0,-
2009-12-28,-2.5,20,8.0,-
2009-12-29,-0.8,16,7.0,-
2009-12-30,-5.9,21,8.0,-
2009-12-31,-13.6,25,8.0,1.7
2010-11-01,7.7,-1,7.0,0.6
2010-11-02,3.2,-1,7.0,95.6
2010-11-03,7.2,-1,8.0,1.5
2010-11-04,5.9,-1,8.0,2.0
2010-11-05,3.2,-1,5.0,70.4
2010-11-06,1.1,-1,8.0,3.7
2010-11-07,0.7,-1,5.0,4.9
2010-11-08,-1.5,6,9.0,39.1
2010-11-09,-2.5,4,0.0,82.4
2010-11-10,2.4,12,8.0,1.8
2010-11-11,1.1,6,8.0,1.3
2010-11-12,1.1,5,5.0,2.2
2010-11-13,2.3,3,8.0,2.9
2010-11-14,1.6,9,8.0,4.3
2010-11-15,4.2,2,8.0,3.8
2010-11-16,0.5,0,8.0,65.0
2010-11-17,-2.7,0,7.0,58.9
2010-11-18,-1.6,0,8.0,1.3
2010-11-19,-4.8,8,8.0,2.7
2010-11-20,-3.8,6,8.0,4.2
2010-11-21,-4.7,5,8.0,3.5
2010-11-22,-8.5,5,5.0,1.1
2010-11-23,-7,5,7.0,5.2
2010-11-24,-5.6,5,8.0,3.4
2010-11-25,-8.3,5,8.0,2.7
2010-11-26,-11.3,5,7.0,2.4
2010-11-27,-10.7,5,7.0,3.3
2010-11-28,-13.8,6,7.0,2.5
2010-11-29,-16.8,7,8.0,2.5
2010-11-30,-16,7,3.0,4.4
2010-12-01,-7.5,7,5.0,2.2
2010-12-02,-3.9,7,0.0,1.5
2010-12-03,-7.8,7,8.0,0.7
2010-12-04,-8.1,7,8.0,1.1
2010-12-05,-5.3,8,8.0,1.0
2010-12-06,-4.8,12,7.0,0.9
2010-12-07,-7,18,7.0,1.4
2010-12-08,-7.6,18,5.0,4.3
2010-12-09,-5.8,18,8.0,3.4
2010-12-10,-9.3,18,8.0,3.6
2010-12-11,-10.3,19,8.0,2.3
2010-12-12,-17.3,19,0.0,1.5
2010-12-13,-17.4,19,8.0,2.3
2010-12-14,-13.4,19,0.0,2.3
2010-12-15,-16.1,19,5.0,1.9
2010-12-16,-7.3,19,0.0,0.3
2010-12-17,-6.3,20,7.0,1.7
2010-12-18,-14.3,17,7.0,2.0
2010-12-19,-13.1,16,7.0,2.8
2010-12-20,-11.2,18,8.0,3.0
2010-12-21,-10.7,19,8.0,1.9
2010-12-22,-12.9,18,1.0,3.6
2010-12-23,-23.9,17,7.0,3.1
2010-12-24,-23.6,17,1.0,2.6
2010-12-25,-13.6,17,7.0,3.7
2010-12-26,-9.2,17,8.0,2.0
2010-12-27,-9.4,29,7.0,3.1
2010-12-28,-11.3,28,8.0,3.4
2010-12-29,-10.7,28,8.0,2.2
2010-12-30,-11.1,28,7.0,0.9
2010-12-31,-8.3,32,8.0,1.3
2011-11-01,7.2,-1,7.0,1.6
2011-11-02,10.2,-1,8.0,5.8
2011-11-03,9.2,-1,1.0,1.9
2011-11-04,7.2,-1,8.0,1.4
2011-11-05,8,-1,7.0,1.5
2011-11-06,6.4,-1,7.0,1.1
2011-11-07,6.6,-1,8.0,0.9
2011-11-08,6.8,-1,7.0,33.0
2011-11-09,1.1,-1,3.0,73.9
2011-11-10,1.1,-1,9.0,1.9
2011-11-11,5,-1,7.0,3.8
2011-11-12,2.3,-1,8.0,1.7
2011-11-13,4.1,-1,8.0,1.8
2011-11-14,4.6,-1,8.0,46.2
2011-11-15,-0.2,-1,8.0,6.0
2011-11-16,2,-1,0.0,2.0
2011-11-17,4.8,-1,8.0,32.3
2011-11-18,4,-1,8.0,2.2
2011-11-19,1.5,1,8.0,28.6
2011-11-20,-4.6,-1,5.0,43.8
2011-11-21,-0.9,-1,7.0,2.5
2011-11-22,1.2,-1,8.0,2.0
2011-11-23,3.1,-1,8.0,0.8
2011-11-24,5.3,-1,7.0,1.1
2011-11-25,5.6,-1,0.0,1.0
2011-11-26,3.5,-1,3.0,1.4
2011-11-27,3.8,-1,3.0,11.4
2011-11-28,2.1,-1,7.0,4.8
2011-11-29,0.7,-1,7.0,3.2
2011-11-30,5.4,-1,8.0,1.1
2011-12-01,2.9,-1,0.0,0.7
2011-12-02,4.2,-1,8.0,0.9
2011-12-03,1.3,-1,7.0,7.5
2011-12-04,2.5,-1,8.0,0.9
2011-12-05,0.2,0,8.0,1.1
2011-12-06,-0.4,2,9.0,1.4
2011-12-07,-2.1,2,0.0,2.4
2011-12-08,0.7,9,9.0,1.8
2011-12-09,0,7,0.0,1.1
2011-12-10,1.3,9,9.0,0.5
2011-12-11,0.4,11,7.0,1.8
2011-12-12,-0.4,11,5.0,3.4
2011-12-13,1.8,9,7.0,1.5
2011-12-14,2.8,6,7.0,1.1
2011-12-15,2.7,4,5.0,1.0
2011-12-16,2.7,3,7.0,1.6
2011-12-17,0.8,2,7.0,1.7
2011-12-18,2.5,5,8.0,0.9
2011-12-19,1.6,2,8.0,1.4
2011-12-20,0.9,2,8.0,3.2
2011-12-21,-0.1,2,7.0,2.8
2011-12-22,-0.6,2,7.0,1.5
2011-12-23,0.7,2,7.0,1.1
2011-12-24,2.3,0,8.0,0.7
2011-12-25,0.8,0,0.0,1.3
2011-12-26,4.5,-1,7.0,1.3
2011-12-27,4.5,-1,7.0,2.4
2011-12-28,0.2,-1,1.0,1.8
2011-12-29,3.2,-1,8.0,2.5
2011-12-30,1.1,-1,8.0,0.7
2011-12-31,-2.8,1,7.0,1.3
2010-03-01,0.2,40,8.0,2.6
2010-03-02,-0.8,46,7.0,1.2
2010-03-03,-4.3,46,8.0,13.4
2010-03-04,-4,46,7.0,187.3
2010-03-05,-7.9,46,7.0,6.7
2010-03-06,-7.7,45,0.0,264.4
2010-03-07,-8.8,45,0.0,3.0
2010-03-08,-3.1,44,8.0,80.7
2010-03-09,-3.8,44,0.0,254.4
2010-03-10,2,44,8.0,272.0
2010-03-11,1.8,40,7.0,93.2
2010-03-12,-2,38,7.0,223.9
2010-03-13,-4.8,38,3.0,42.0
2010-03-14,-6.3,38,7.0,109.8
2010-03-15,-9.6,38,5.0,259.4
2010-03-16,-10.7,38,1.0,329.4
2010-03-17,-10,40,0.0,292.2
2010-03-18,-4.9,40,0.0,258.2
2010-03-19,0.6,47,8.0,252.1
2010-03-20,2,40,8.0,2.5
2010-03-21,-1,37,8.0,335.7
2010-03-22,-3.8,41,0.0,251.0
2010-03-23,-2.9,40,7.0,187.3
2010-03-24,-5,39,0.0,309.0
2010-03-25,-1.2,38,8.0,337.5
2010-03-26,2.2,38,8.0,2.1
2010-03-27,2.2,35,7.0,64.1
2010-03-28,2.6,30,7.0,0.7
2010-03-29,0.9,29,7.0,1.2
2010-03-30,1.9,29,8.0,2.9
2010-03-31,2.6,27,7.0,14.5
2010-04-01,6,24,7.0,4.5
2010-04-02,6.2,17,7.0,15.9
2010-04-03,3.4,13,8.0,109.2
2010-04-04,3.6,10,8.0,2.0
2010-04-05,3,7,8.0,2.1
2010-04-06,2.6,2,7.0,3.6
2010-04-07,1.8,2,7.0,1.5
2010-04-08,5.8,1,8.0,9.8
2010-04-09,5,0,8.0,1.3
2010-04-10,5.7,0,8.0,1.8
2010-04-11,6,-1,0.0,106.2
2010-04-12,6.7,-1,0.0,158.5
2010-04-13,5.8,-1,0.0,125.0
2010-04-14,4.6,-1,3.0,274.2
2010-04-15,4.3,-1,0.0,160.3
2010-04-16,4.6,-1,8.0,14.2
2010-04-17,2.7,-1,0.0,325.7
2010-04-18,3,-1,7.0,43.8
2010-04-19,3.3,-1,0.0,454.0
2010-04-20,3.1,-1,0.0,66.2
2010-04-21,4.3,-1,1.0,236.2
2010-04-22,4.3,-1,7.0,251.1
2010-04-23,2.7,-1,8.0,1.4
2010-04-24,2.1,-1,7.0,30.5
2010-04-25,5.5,-1,0.0,276.6
2010-04-26,7.3,-1,7.0,139.8
2010-04-27,9.7,-1,0.0,204.5
2010-04-28,4.5,-1,5.0,412.7
2010-04-29,4.4,-1,8.0,389.6
2010-04-30,9.5,-1,8.0,208.4
2011-03-01,-4.8,55,8.0,93.1
2011-03-02,-1,55,8.0,30.1
2011-03-03,0,54,7.0,112.8
2011-03-04,0.5,54,0.0,226.0
2011-03-05,-0.4,53,1.0,9.1
2011-03-06,-3.1,53,7.0,171.5
2011-03-07,-5.3,53,0.0,76.6
2011-03-08,-1.4,52,5.0,56.2
2011-03-09,0.3,52,0.0,68.1
2011-03-10,1.2,53,7.0,57.1
2011-03-11,0.1,53,8.0,1.2
2011-03-12,-1.7,52,0.0,2.8
2011-03-13,-1.6,51,0.0,324.0
2011-03-14,0.3,51,8.0,54.8
2011-03-15,-3.9,51,0.0,226.3
2011-03-16,-5.8,51,0.0,283.3
2011-03-17,-4.3,51,0.0,317.4
2011-03-18,-0.2,51,7.0,95.7
2011-03-19,-1.8,56,8.0,3.8
2011-03-20,-2.8,61,0.0,76.8
2011-03-21,-1.7,59,7.0,2.9
2011-03-22,4.6,55,7.0,162.5
2011-03-23,1.7,52,5.0,137.1
2011-03-24,-2.2,55,0.0,245.8
2011-03-25,-6.3,54,0.0,225.9
2011-03-26,-5.8,53,0.0,113.5
2011-03-27,-2.1,53,7.0,140.1
2011-03-28,-1.6,53,7.0,318.2
2011-03-29,-2.9,52,0.0,260.7
2011-03-30,-2.9,52,7.0,328.1
2011-03-31,-3.9,51,5.0,237.8
2011-04-01,-1.9,51,1.0,1.6
2011-04-02,1.9,50,7.0,0.7
2011-04-03,3.5,46,8.0,288.7
2011-04-04,3.7,40,8.0,124.5
2011-04-05,4.6,37,8.0,182.0
2011-04-06,3.2,29,8.0,46.7
2011-04-07,1.8,27,7.0,2.4
2011-04-08,2.3,24,8.0,31.5
2011-04-09,3.8,22,5.0,192.5
2011-04-10,4.3,17,7.0,142.2
2011-04-11,2.4,13,7.0,22.4
2011-04-12,4.4,11,9.0,2.0
2011-04-13,3.9,8,8.0,87.5
2011-04-14,3.2,4,8.0,107.5
2011-04-15,5.8,2,0.0,100.3
2011-04-16,8.8,1,7.0,202.8
2011-04-17,10,0,7.0,164.9
2011-04-18,7.4,-1,1.0,187.6
2011-04-19,4.1,-1,0.0,325.7
2011-04-20,3.1,-1,0.0,2.2
2011-04-21,8.3,-1,8.0,314.3
2011-04-22,7.5,-1,0.0,267.5
2011-04-23,9,-1,0.0,359.8
2011-04-24,11.3,-1,0.0,447.9
2011-04-25,12.8,-1,0.0,272.4
2011-04-26,12.7,-1,0.0,241.7
2011-04-27,10.9,-1,7.0,376.5
2011-04-28,8.2,-1,0.0,170.9
2011-04-29,8.6,-1,0.0,224.3
2011-04-30,7.7,-1,0.0,75.8
2012-03-01,1.1,47,9.0,1.8
2012-03-02,1.7,42,7.0,123.8
2012-03-03,-0.8,40,0.0,108.1
2012-03-04,-5.1,40,0.0,112.7
2012-03-05,-7,40,7.0,244.5
2012-03-06,-8.4,40,0.0,222.3
2012-03-07,-10.7,40,0.0,248.0
2012-03-08,-7.6,40,0.0,1.4
2012-03-09,-3.7,40,7.0,0.7
2012-03-10,1.3,39,8.0,188.6
2012-03-11,1.3,37,7.0,1.5
2012-03-12,3.9,37,8.0,196.1
2012-03-13,1.4,35,1.0,27.3
2012-03-14,-0.7,34,1.0,238.3
2012-03-15,-1.5,34,0.0,27.1
2012-03-16,0.9,33,7.0,124.3
2012-03-17,1.3,32,0.0,10.0
2012-03-18,1.4,30,0.0,282.8
2012-03-19,0.7,29,8.0,26.3
2012-03-20,1.2,29,7.0,187.5
2012-03-21,2.6,28,7.0,315.8
2012-03-22,4.8,26,7.0,2.0
2012-03-23,4,25,5.0,1.4
2012-03-24,1.4,22,8.0,15.2
2012-03-25,0.1,20,8.0,126.9
2012-03-26,1.3,19,7.0,2.1
2012-03-27,3.7,15,3.0,35.2
2012-03-28,3.8,11,8.0,6.7
2012-03-29,2.4,9,8.0,288.4
2012-03-30,2,8,0.0,362.5
2012-03-31,-2.3,9,7.0,172.0
2012-04-01,-3.1,7,1.0,217.1
2012-04-02,-1.3,9,8.0,249.9
2012-04-03,-3.8,10,9.0,91.7
2012-04-04,-2.9,8,0.0,248.6
2012-04-05,2.2,7,7.0,196.1
2012-04-06,0.4,5,7.0,433.1
2012-04-07,-2.2,5,7.0,168.7
2012-04-08,-2.9,5,0.0,309.8
2012-04-09,-1.6,5,1.0,376.0
2012-04-10,3.1,4,7.0,65.4
2012-04-11,4.8,4,7.0,0.6
2012-04-12,5.8,3,8.0,1.0
2012-04-13,4.6,0,8.0,425.9
2012-04-14,2.8,0,8.0,279.2
2012-04-15,3.8,0,7.0,2.1
2012-04-16,2.2,0,0.0,152.2
2012-04-17,2,0,7.0,117.3
2012-04-18,1.4,2,7.0,1.2
2012-04-19,2.3,0,7.0,137.5
2012-04-20,3.3,0,7.0,234.8
2012-04-21,4.5,-1,7.0,1.0
2012-04-22,7.1,-1,7.0,1.6
2012-04-23,9.2,-1,1.0,2.5
2012-04-24,6.3,-1,7.0,0.7
2012-04-25,6.8,-1,3.0,8.5
2012-04-26,7.5,-1,7.0,153.9
2012-04-27,10.9,-1,8.0,1.0
2012-04-28,10.4,-1,5.0,11.2
2012-04-29,9.5,-1,7.0,80.7
2012-04-30,9.2,-1,0.0,125.7
2009-05-01,9.4,-1,0.0,417.7
2009-05-02,11.8,-1,0.0,238.6
2009-05-03,12.3,-1,0.0,147.7
2009-05-04,10.1,-1,7.0,336.6
2009-05-05,8.7,-1,7.0,316.3
2009-05-06,8.3,-1,7.0,2.0
2009-05-07,9.5,-1,7.0,64.1
2009-05-08,11.7,-1,7.0,108.4
2009-05-09,8.1,-1,7.0,36.5
2009-05-10,10.3,-1,0.0,184.3
2009-05-11,7.7,-1,3.0,308.9
2009-05-12,8.5,-1,1.0,193.1
2009-05-13,9.9,-1,0.0,141.4
2009-05-14,8.4,-1,7.0,404.2
2009-05-15,9.3,-1,0.0,122.3
2009-05-16,9.2,-1,0.0,239.7
2009-05-17,11.1,-1,0.0,539.4
2009-05-18,12,-1,5.0,331.6
2009-05-19,12.2,-1,7.0,23.0
2009-05-20,12.2,-1,8.0,120.9
2009-05-21,10.7,-1,5.0,109.8
2009-05-22,10.8,-1,7.0,149.6
2009-05-23,12.6,-1,7.0,141.6
2009-05-24,13.5,-1,1.0,83.1
2009-05-25,13.8,-1,0.0,48.5
2009-05-26,16.1,-1,1.0,399.9
2009-05-27,13.9,-1,7.0,22.5
2009-05-28,11,-1,1.0,89.3
2009-05-29,13.8,-1,3.0,290.6
2009-05-30,16.4,-1,0.0,248.9
2009-05-31,20.8,-1,0.0,293.9
2009-06-01,19.4,-1,0.0,201.5
2009-06-02,13.9,-1,1.0,196.9
2009-06-03,10.2,-1,1.0,163.0
2009-06-04,6.2,-1,8.0,315.2
2009-06-05,5.7,-1,7.0,3.1
2009-06-06,6.5,-1,8.0,26.7
2009-06-07,8.3,-1,0.0,36.7
2009-06-08,10.3,-1,0.0,105.5
2009-06-09,10.9,-1,7.0,230.1
2009-06-10,13.7,0,0.0,328.8
2009-06-11,15.4,-1,7.0,82.5
2009-06-12,15.4,-1,0.0,20.6
2009-06-13,17.3,-1,1.0,119.0
2009-06-14,15.4,-1,7.0,0.9
2009-06-15,10.2,-1,5.0,142.6
2009-06-16,9.3,-1,8.0,21.1
2009-06-17,11.3,-1,8.0,17.3
2009-06-18,12.2,-1,0.0,53.7
2009-06-19,11.2,-1,7.0,51.4
2009-06-20,9.9,-1,7.0,22.3
2009-06-21,12.4,-1,7.0,72.2
2009-06-22,15.2,-1,0.0,224.5
2009-06-23,17.4,-1,3.0,234.7
2009-06-24,18.7,-1,0.0,299.8
2009-06-25,19.2,-1,0.0,276.0
2009-06-26,20.1,-1,0.0,566.1
2009-06-27,16.9,-1,0.0,165.1
2009-06-28,21.2,-1,7.0,84.7
2009-06-29,20.3,-1,0.0,465.3
2009-06-30,18.2,-1,0.0,275.7
2010-05-01,9.7,-1,7.0,1
2010-05-02,5.7,-1,7.0,1.3
2010-05-03,5.9,-1,0.0,114.4
2010-05-04,4.6,-1,7.0,411.1
2010-05-05,5.6,-1,8.0,122.3
2010-05-06,6,-1,7.0,14.4
2010-05-07,5.3,-1,0.0,330.1
2010-05-08,4.2,-1,7.0,465
2010-05-09,6.1,-1,8.0,8.4
2010-05-10,5.9,-1,8.0,122.8
2010-05-11,8.5,-1,7.0,63.4
2010-05-12,13.5,-1,7.0,1.9
2010-05-13,15.4,-1,0.0,328.8
2010-05-14,20.7,-1,7.0,172.2
2010-05-15,20,-1,1.0,393.3
2010-05-16,19.5,-1,0.0,331.7
2010-05-17,18.5,-1,1.0,442.2
2010-05-18,17.7,-1,1.0,476.4
2010-05-19,19.2,-1,8.0,397.1
2010-05-20,19.3,-1,7.0,297.6
2010-05-21,20,-1,0.0,107.9
2010-05-22,17.2,-1,0.0,87.7
2010-05-23,12.3,-1,0.0,2.6
2010-05-24,10.3,-1,7.0,1.7
2010-05-25,10.1,-1,7.0,0.7
2010-05-26,10.3,-1,0.0,293.5
2010-05-27,10.1,-1,7.0,552.6
2010-05-28,10.3,-1,8.0,428.9
2010-05-29,8.7,-1,7.0,-
2010-05-30,10.4,-1,7.0,-
2010-05-31,13,-1,0.0,93.3
2010-06-01,15.1,-1,0.0,357
2010-06-02,17.7,-1,0.0,450.6
2010-06-03,16.4,-1,1.0,34.4
2010-06-04,12.2,-1,0.0,2.2
2010-06-05,10.3,-1,7.0,103.8
2010-06-06,11.9,-1,0.0,4.8
2010-06-07,13.3,-1,7.0,102.8
2010-06-08,13.4,-1,1.0,159
2010-06-09,14.6,-1,5.0,135.9
2010-06-10,15.8,-1,7.0,155.4
2010-06-11,13.8,-1,0.0,117.4
2010-06-12,12.9,-1,8.0,490.6
2010-06-13,12.4,-1,7.0,617.7
2010-06-14,13.6,-1,7.0,158
2010-06-15,11.8,-1,8.0,133.2
2010-06-16,12.5,-1,8.0,226.1
2010-06-17,13.5,-1,0.0,163.8
2010-06-18,14,-1,7.0,103.8
2010-06-19,16.8,-1,7.0,39.6
2010-06-20,15,-1,8.0,44.9
2010-06-21,13.7,-1,0.0,51.5
2010-06-22,14.7,-1,1.0,388
2010-06-23,16.2,-1,5.0,100
2010-06-24,17.7,-1,0.0,117
2010-06-25,15.2,-1,7.0,466.5
2010-06-26,16.1,-1,7.0,27.3
2010-06-27,13.8,-1,0.0,75.5
2010-06-28,17.3,-1,0.0,55
2010-06-29,18.5,-1,0.0,398.5
2010-06-30,20,-1,7.0,35.7
2011-05-01,3.8,-1,3.0,137.5
2011-05-02,3.9,-1,5.0,35.3
2011-05-03,4.6,-1,8.0,1.9
2011-05-04,5.9,-1,7.0,34.9
2011-05-05,8.3,-1,7.0,283.7
2011-05-06,8.3,-1,0.0,37.3
2011-05-07,8.8,-1,0.0,67.7
2011-05-08,12,-1,0.0,443.2
2011-05-09,14.9,-1,1.0,111.6
2011-05-10,14.8,-1,7.0,421.6
2011-05-11,16.8,-1,0.0,72.8
2011-05-12,16.1,-1,7.0,485.8
2011-05-13,11.9,-1,7.0,554.9
2011-05-14,10.7,-1,7.0,560.5
2011-05-15,11,-1,7.0,453.3
2011-05-16,9.5,-1,8.0,27.5
2011-05-17,10.1,-1,7.0,1.3
2011-05-18,10.6,-1,7.0,1.1
2011-05-19,9.6,-1,7.0,25.5
2011-05-20,13,-1,1.0,81.0
2011-05-21,12.2,-1,0.0,187.2
2011-05-22,14.3,-1,5.0,291.3
2011-05-23,11.5,-1,0.0,339.5
2011-05-24,13.2,-1,0.0,145.6
2011-05-25,10.6,-1,7.0,65.5
2011-05-26,10.3,-1,0.0,136.1
2011-05-27,9,-1,0.0,260.9
2011-05-28,11.5,-1,7.0,0.5
2011-05-29,9.3,-1,7.0,18.3
2011-05-30,11.3,-1,7.0,126.7
2011-05-31,17.4,-1,0.0,334.1
2011-06-01,21.7,-1,0.0,92.5
2011-06-02,15.5,-1,7.0,66.0
2011-06-03,15.5,-1,0.0,59.8
2011-06-04,18.4,-1,0.0,226.7
2011-06-05,14.4,-1,7.0,352.4
2011-06-06,17.4,-1,0.0,466.7
2011-06-07,22.3,-1,0.0,357.8
2011-06-08,22,-1,0.0,387.9
2011-06-09,21,-1,0.0,314.5
2011-06-10,23.9,-1,0.0,407.5
2011-06-11,24.2,-1,3.0,71.9
2011-06-12,22.5,-1,0.0,254.9
2011-06-13,11.8,-1,0.0,220.1
2011-06-14,11.1,-1,8.0,561.2
2011-06-15,12,-1,8.0,307.4
2011-06-16,14.9,-1,8.0,130.1
2011-06-17,16.1,-1,0.0,5.4
2011-06-18,13.9,-1,7.0,168.7
2011-06-19,14,-1,7.0,38.6
2011-06-20,14.4,-1,8.0,6.9
2011-06-21,14.2,-1,7.0,0.3
2011-06-22,15.6,-1,5.0,21.9
2011-06-23,14,-1,0.0,369.3
2011-06-24,16,-1,8.0,18.0
2011-06-25,14,-1,0.0,148.4
2011-06-26,15.7,-1,7.0,233.8
2011-06-27,17.4,-1,0.0,337.8
2011-06-28,20.3,-1,0.0,346.4
2011-06-29,21.1,-1,0.0,338.7
2011-06-30,20.5,-1,0.0,559.0
2012-05-01,6.9,-1,0.0,262.3
2012-05-02,7.6,-1,1.0,101.5
2012-05-03,6.1,-1,1.0,47.0
2012-05-04,6.8,-1,7.0,185.4
2012-05-05,7.1,-1,7.0,109.0
2012-05-06,7.1,-1,5.0,0.8
2012-05-07,8.1,-1,7.0,462.0
2012-05-08,9.6,-1,1.0,476.2
2012-05-09,10.7,-1,1.0,281.1
2012-05-10,13.4,-1,7.0,64.6
2012-05-11,13.6,-1,7.0,201.5
2012-05-12,8.1,-1,8.0,83.8
2012-05-13,7.7,-1,7.0,396.8
2012-05-14,9.4,-1,0.0,85.3
2012-05-15,10.9,-1,1.0,300.2
2012-05-16,13.1,-1,3.0,350.3
2012-05-17,13.9,-1,8.0,1.5
2012-05-18,9.1,-1,8.0,24.0
2012-05-19,10.8,-1,1.0,357.6
2012-05-20,13.6,-1,0.0,279.3
2012-05-21,16.6,-1,0.0,286.4
2012-05-22,15.5,-1,7.0,173.0
2012-05-23,13.8,-1,0.0,383.7
2012-05-24,14.6,-1,0.0,346.5
2012-05-25,16.3,-1,0.0,178.2
2012-05-26,15.5,-1,7.0,99.6
2012-05-27,16.2,-1,0.0,388.6
2012-05-28,12.7,-1,0.0,97.9
2012-05-29,9.7,-1,7.0,191.0
2012-05-30,10.4,-1,0.0,273.0
2012-05-31,9,-1,0.0,207.5
2012-06-01,11,-1,8.0,78.4
2012-06-02,9.3,-1,8.0,133.2
2012-06-03,8.2,-1,8.0,375.7
2012-06-04,11.3,-1,8.0,209.1
2012-06-05,10.5,-1,0.0,73.0
2012-06-06,10.4,-1,7.0,6.8
2012-06-07,12.2,-1,0.0,33.9
2012-06-08,14.7,-1,0.0,31.7
2012-06-09,12.8,-1,0.0,37.2
2012-06-10,13.7,-1,7.0,307.4
2012-06-11,14.1,-1,7.0,22.3
2012-06-12,15.5,-1,0.0,221.2
2012-06-13,16.8,-1,5.0,23.4
2012-06-14,17.8,-1,0.0,216.8
2012-06-15,16.4,-1,0.0,171.3
2012-06-16,17.9,-1,0.0,388.5
2012-06-17,13.6,-1,7.0,46.8
2012-06-18,15.8,-1,8.0,3.5
2012-06-19,12.6,-1,0.0,7.3
2012-06-20,12.6,-1,7.0,0.7
2012-06-21,14.6,-1,0.0,0.6
2012-06-22,15.3,-1,0.0,132.5
2012-06-23,14.7,-1,0.0,295.2
2012-06-24,11.2,-1,7.0,185.9
2012-06-25,12,-1,7.0,166.5
2012-06-26,13.4,-1,7.0,19.0
2012-06-27,13.6,-1,7.0,0.4
2012-06-28,12.4,-1,1.0,15.8
2012-06-29,14.2,-1,8.0,433.1
2012-06-30,14.7,-1,5.0,43.2
2009-07-01,20.5,-1,7.0,240.8
2009-07-02,21.8,-1,3.0,279.6
2009-07-03,16.1,-1,0.0,23.3
2009-07-04,12.5,-1,0.0,22.3
2009-07-05,10.8,-1,1.0,5.9
2009-07-06,12.1,-1,0.0,3.2
2009-07-07,12.9,-1,3.0,106.5
2009-07-08,17.3,-1,7.0,7.2
2009-07-09,16.3,-1,7.0,31.2
2009-07-10,16.5,-1,7.0,50.4
2009-07-11,16.5,-1,0.0,321.1
2009-07-12,16.6,-1,7.0,266.6
2009-07-13,13.3,-1,3.0,149.1
2009-07-14,16.5,-1,5.0,114.4
2009-07-15,19,-1,0.0,338.6
2009-07-16,19.1,-1,0.0,166.9
2009-07-17,19.5,-1,5.0,121.4
2009-07-18,18.6,-1,0.0,62.6
2009-07-19,19.1,-1,0.0,67.7
2009-07-20,17.4,-1,8.0,118.8
2009-07-21,16.7,-1,5.0,219.3
2009-07-22,16.2,-1,0.0,376.2
2009-07-23,16.3,-1,3.0,472.1
2009-07-24,19.2,-1,3.0,299.4
2009-07-25,18.4,-1,7.0,471.5
2009-07-26,17.9,-1,5.0,57.7
2009-07-27,16.8,-1,0.0,129.1
2009-07-28,16.7,-1,0.0,207.9
2009-07-29,19.4,-1,7.0,83.4
2009-07-30,18.3,-1,7.0,145.8
2009-07-31,16.1,-1,7.0,336.9
2009-08-01,16.3,-1,7.0,425.1
2009-08-02,15.6,-1,7.0,273.6
2009-08-03,17.5,-1,7.0,473.9
2009-08-04,16.9,-1,0.0,406.5
2009-08-05,17.3,-1,5.0,290.1
2009-08-06,17.3,-1,0.0,98.3
2009-08-07,18,-1,0.0,392.8
2009-08-08,19.2,-1,0.0,281.8
2009-08-09,19.7,-1,5.0,193.4
2009-08-10,18.3,-1,0.0,30.9
2009-08-11,17.5,-1,5.0,20.0
2009-08-12,15.1,-1,7.0,27.3
2009-08-13,15.4,-1,0.0,65.7
2009-08-14,14.8,-1,0.0,350.8
2009-08-15,14.3,-1,7.0,309.6
2009-08-16,14.1,-1,1.0,12.7
2009-08-17,14,-1,5.0,21.0
2009-08-18,11.2,-1,0.0,226.2
2009-08-19,13.5,-1,7.0,228.9
2009-08-20,12.7,-1,,210.3
2009-08-21,15.1,-1,0.0,222.2
2009-08-22,14.9,-1,0.0,352.6
2009-08-23,15.2,-1,0.0,223.6
2009-08-24,14.6,-1,0.0,17.1
2009-08-25,14.5,-1,0.0,54.9
2009-08-26,15.9,-1,7.0,230.7
2009-08-27,15.6,-1,8.0,242.4
2009-08-28,16.4,-1,7.0,163.1
2009-08-29,16.6,-1,8.0,1.0
2009-08-30,14.4,-1,7.0,5.0
2009-08-31,13.7,-1,7.0,33.4
2010-07-01,19.4,-1,1.0,64.7
2010-07-02,17.9,-1,7.0,39.7
2010-07-03,20,-1,0.0,34.8
2010-07-04,21.5,-1,0.0,29.3
2010-07-05,21.6,-1,0.0,21.1
2010-07-06,20.7,-1,0.0,372.7
2010-07-07,20.6,-1,1.0,90.1
2010-07-08,21.7,-1,8.0,430.3
2010-07-09,20.8,-1,0.0,9.9
2010-07-10,21.2,-1,0.0,133.3
2010-07-11,24,-1,0.0,288.7
2010-07-12,25.9,-1,0.0,168.7
2010-07-13,26.2,-1,0.0,327.4
2010-07-14,25.7,-1,0.0,135.5
2010-07-15,22.4,-1,5.0,30.3
2010-07-16,23,-1,7.0,159.9
2010-07-17,21.7,-1,0.0,80.5
2010-07-18,21.7,-1,0.0,64.3
2010-07-19,21,-1,7.0,314.8
2010-07-20,20.4,-1,0.0,290.1
2010-07-21,22.7,-1,7.0,101.8
2010-07-22,23.6,-1,0.0,11.2
2010-07-23,19,-1,7.0,196.1
2010-07-24,15.4,-1,7.0,566.5
2010-07-25,20.3,-1,8.0,10.6
2010-07-26,25.5,-1,7.0,71.6
2010-07-27,24.5,-1,7.0,69.8
2010-07-28,25.1,-1,0.0,55.9
2010-07-29,25.7,-1,5.0,20.8
2010-07-30,20.8,-1,0.0,151.1
2010-07-31,18.6,-1,7.0,59.9
2010-08-01,19.5,-1,7.0,432.1
2010-08-02,20.3,-1,0.0,51.8
2010-08-03,20.5,-1,7.0,133.8
2010-08-04,20.2,-1,7.0,2.7
2010-08-05,17.2,-1,7.0,2.8
2010-08-06,19.6,-1,0.0,373.7
2010-08-07,22.5,-1,1.0,192.1
2010-08-08,24.7,-1,7.0,121.6
2010-08-09,20.2,-1,7.0,0.5
2010-08-10,19,-1,7.0,1.1
2010-08-11,18.8,-1,,84.3
2010-08-12,18.8,-1,3.0,54.8
2010-08-13,22.2,-1,1.0,134.0
2010-08-14,21.1,-1,0.0,120.0
2010-08-15,20,-1,0.0,290.4
2010-08-16,16.1,-1,0.0,474.0
2010-08-17,16.9,-1,0.0,197.6
2010-08-18,18.5,-1,7.0,196.8
2010-08-19,14.5,-1,0.0,1.5
2010-08-20,14.5,-1,0.0,202.1
2010-08-21,16.5,-1,0.0,4.0
2010-08-22,17.7,-1,7.0,10.5
2010-08-23,16.2,-1,3.0,146.4
2010-08-24,11.9,-1,1.0,11.5
2010-08-25,13.8,-1,7.0,2.8
2010-08-26,12.3,-1,3.0,22.3
2010-08-27,10.5,-1,7.0,29.6
2010-08-28,10.1,-1,7.0,11.8
2010-08-29,10.1,-1,8.0,12.1
2010-08-30,10.3,-1,7.0,141.6
2010-08-31,10.8,-1,8.0,52.9
2011-07-01,24.5,-1,0.0,152.8
2011-07-02,25.6,-1,5.0,67
2011-07-03,21.4,-1,0.0,181.1
2011-07-04,15.4,-1,8.0,464.8
2011-07-05,15.5,-1,7.0,229.7
2011-07-06,19.7,-1,8.0,143.4
2011-07-07,21.6,-1,0.0,253.1
2011-07-08,22.5,-1,0.0,300.1
2011-07-09,21.5,-1,0.0,349.9
2011-07-10,20.7,-1,1.0,280.3
2011-07-11,20.9,-1,7.0,303.9
2011-07-12,16.8,-1,7.0,71.8
2011-07-13,15.6,-1,7.0,88.1
2011-07-14,15.6,-1,0.0,355.1
2011-07-15,15.8,-1,0.0,392.6
2011-07-16,16.2,-1,8.0,198.9
2011-07-17,17.5,-1,0.0,51.3
2011-07-18,19.5,-1,0.0,33.3
2011-07-19,19.3,-1,0.0,229.5
2011-07-20,19.6,-1,0.0,472.4
2011-07-21,22,-1,8.0,253.8
2011-07-22,24.8,-1,7.0,142.1
2011-07-23,23.5,-1,0.0,109.6
2011-07-24,19.5,-1,1.0,0.6
2011-07-25,18.4,-1,1.0,243.1
2011-07-26,20.5,-1,7.0,73.8
2011-07-27,22.7,-1,7.0,193.9
2011-07-28,22.4,-1,1.0,1.3
2011-07-29,21.9,-1,7.0,183.5
2011-07-30,19.2,-1,1.0,48.6
2011-07-31,18.8,-1,0.0,479.2
2011-08-01,14.5,-1,0.0,424.2
2011-08-02,14.2,-1,0.0,308.1
2011-08-03,17.2,-1,0.0,244.2
2011-08-04,18.7,-1,0.0,186.5
2011-08-05,19.4,-1,0.0,107.6
2011-08-06,17.8,-1,1.0,165.9
2011-08-07,19.3,-1,7.0,104
2011-08-08,17.9,-1,8.0,19.9
2011-08-09,14.2,-1,0.0,0.5
2011-08-10,14.6,-1,5.0,0.4
2011-08-11,13.2,-1,0.0,10.7
2011-08-12,14.6,-1,7.0,177.9
2011-08-13,14.9,-1,0.0,271.6
2011-08-14,15.3,-1,0.0,477.8
2011-08-15,16.7,-1,0.0,397.3
2011-08-16,18.5,-1,7.0,104.9
2011-08-17,16.7,-1,7.0,230.5
2011-08-18,15.7,-1,7.0,229.7
2011-08-19,15.7,-1,7.0,73.2
2011-08-20,15.5,-1,0.0,367.6
2011-08-21,15.2,-1,7.0,212.5
2011-08-22,15.7,-1,1.0,168.7
2011-08-23,15.7,-1,8.0,31.7
2011-08-24,16,-1,1.0,-
2011-08-25,16.6,-1,0.0,-
2011-08-26,19.4,-1,7.0,1.3
2011-08-27,20.7,-1,7.0,148.5
2011-08-28,18.8,-1,0.0,6
2011-08-29,14.5,-1,0.0,76.9
2011-08-30,14.2,-1,7.0,6.7
2011-08-31,13.1,-1,7.0,1.2
2012-07-01,18.7,-1,8.0,0.6
2012-07-02,18.5,-1,7.0,115.6
2012-07-03,17.6,-1,0.0,13.4
2012-07-04,18.8,-1,0.0,281.6
2012-07-05,20.2,-1,3.0,593.2
2012-07-06,20.1,-1,0.0,221.3
2012-07-07,19.7,-1,7.0,78.5
2012-07-08,21.4,-1,8.0,489.9
2012-07-09,18.6,-1,7.0,362.2
2012-07-10,17.5,-1,7.0,632.1
2012-07-11,15.7,-1,8.0,48.6
2012-07-12,16.7,-1,3.0,17.3
2012-07-13,15.4,-1,8.0,98.6
2012-07-14,15.8,-1,5.0,71.9
2012-07-15,15.2,-1,5.0,161.9
2012-07-16,15.1,-1,7.0,340.8
2012-07-17,14.9,-1,7.0,523.2
2012-07-18,15.5,-1,7.0,41.6
2012-07-19,17,-1,0.0,1.4
2012-07-20,16.1,-1,0.0,15.7
2012-07-21,14.4,-1,0.0,213.6
2012-07-22,15.3,-1,0.0,209.0
2012-07-23,14.8,-1,5.0,137.8
2012-07-24,17.7,-1,8.0,398.1
2012-07-25,19.1,-1,7.0,327.0
2012-07-26,17.5,-1,7.0,331.0
2012-07-27,18.1,-1,0.0,109.4
2012-07-28,20.3,-1,1.0,88.5
2012-07-29,22.9,-1,5.0,24.3
2012-07-30,20.5,-1,0.0,42.5
2012-07-31,17.9,-1,7.0,55.6
2012-08-01,16.5,-1,0.0,144.5
2012-08-02,17.5,-1,7.0,256.9
2012-08-03,18.9,-1,1.0,218.8
2012-08-04,18.6,-1,7.0,190.0
2012-08-05,18.7,-1,0.0,314.6
2012-08-06,18.6,-1,7.0,14.0
2012-08-07,17.2,-1,7.0,280.4
2012-08-08,13.7,-1,7.0,19.8
2012-08-09,11.6,-1,7.0,208.5
2012-08-10,10.6,-1,0.0,221.2
2012-08-11,12.4,-1,8.0,110.4
2012-08-12,13.2,-1,1.0,272.6
2012-08-13,15.5,-1,8.0,210.5
2012-08-14,16.6,-1,0.0,429.8
2012-08-15,17.6,-1,0.0,239.4
2012-08-16,18.2,-1,7.0,304.2
2012-08-17,17.1,-1,7.0,339.4
2012-08-18,17.9,-1,0.0,68.1
2012-08-19,16.4,-1,7.0,112.4
2012-08-20,11.5,-1,7.0,426.7
2012-08-21,11.3,-1,0.0,44.6
2012-08-22,14.9,-1,7.0,2.1
2012-08-23,14,-1,7.0,99.6
2012-08-24,13.9,-1,5.0,232.5
2012-08-25,13.5,-1,7.0,228.5
2012-08-26,14.9,-1,7.0,288.1
2012-08-27,15.1,-1,7.0,182.9
2012-08-28,12.6,-1,8.0,401.7
2012-08-29,14.1,-1,8.0,296.0
2012-08-30,14.8,-1,0.0,0.8
2012-08-31,13.8,-1,8.0,167.6
2009-09-01,15.7,-1,7.0,302.1
2009-09-02,16.9,-1,1.0,0.3
2009-09-03,16.3,-1,7.0,252.3
2009-09-04,15.8,-1,7.0,3.4
2009-09-05,14.6,-1,1.0,0.4
2009-09-06,13.5,-1,7.0,1.7
2009-09-07,13.9,-1,7.0,1.5
2009-09-08,14.9,-1,3.0,7.1
2009-09-09,18.5,-1,7.0,57.3
2009-09-10,13.9,-1,0.0,228.6
2009-09-11,11.3,-1,0.0,105.3
2009-09-12,11.7,-1,0.0,9.3
2009-09-13,12.3,-1,8.0,3.6
2009-09-14,11.8,-1,0.0,71.6
2009-09-15,11.4,-1,0.0,158.9
2009-09-16,11.2,-1,0.0,1.7
2009-09-17,9.5,-1,0.0,92.2
2009-09-18,9.6,-1,3.0,238.5
2009-09-19,12.8,-1,7.0,76.5
2009-09-20,13.9,-1,8.0,81.5
2009-09-21,12.9,-1,1.0,216.2
2009-09-22,12.3,-1,7.0,6.3
2009-09-23,12.7,-1,7.0,81.3
2009-09-24,9.2,-1,0.0,11.7
2009-09-25,7,-1,0.0,252.3
2009-09-26,10.9,-1,5.0,264.8
2009-09-27,13,-1,0.0,36.9
2009-09-28,9.7,-1,8.0,30.2
2009-09-29,3.8,-1,5.0,110.4
2009-09-30,4.5,-1,7.0,178.1
2009-10-01,2.2,-1,5.0,130.2
2009-10-02,1.9,-1,0.0,180.7
2009-10-03,3.8,-1,1.0,2.5
2009-10-04,8,-1,8.0,24.2
2009-10-05,4.4,-1,8.0,1.1
2009-10-06,2.5,-1,0.0,172.5
2009-10-07,7.7,-1,7.0,1.7
2009-10-08,5,-1,7.0,144.3
2009-10-09,2.5,-1,1.0,223.0
2009-10-10,1.7,-1,0.0,163.0
2009-10-11,0.5,-1,1.0,222.0
2009-10-12,2.1,-1,7.0,79.9
2009-10-13,1.2,-1,7.0,173.0
2009-10-14,0.2,-1,0.0,179.9
2009-10-15,-0.3,-1,0.0,4.3
2009-10-16,3,-1,0.0,2.0
2009-10-17,1.5,-1,7.0,46.4
2009-10-18,1.7,-1,8.0,8.8
2009-10-19,1.2,3,7.0,2.2
2009-10-20,1.7,2,0.0,2.1
2009-10-21,3.9,-1,8.0,2.5
2009-10-22,4.3,-1,7.0,2.3
2009-10-23,2.7,-1,8.0,2.1
2009-10-24,2.2,-1,8.0,2.1
2009-10-25,3.8,-1,8.0,2.2
2009-10-26,7,-1,8.0,2.2
2009-10-27,6.5,-1,7.0,3.7
2009-10-28,1.7,-1,8.0,2.2
2009-10-29,0,-1,8.0,107.9
2009-10-30,-1.8,-1,0.0,29.2
2009-10-31,-0.9,-1,8.0,6.8
2010-09-01,11.4,-1,5.0,84.0
2010-09-02,9.7,-1,0.0,4.2
2010-09-03,7.2,-1,7.0,7.8
2010-09-04,8.3,-1,7.0,104.4
2010-09-05,10.2,-1,8.0,26.1
2010-09-06,13,-1,8.0,1.8
2010-09-07,14.2,-1,7.0,198.2
2010-09-08,14.1,-1,1.0,339.6
2010-09-09,14.3,-1,0.0,8.9
2010-09-10,13.6,-1,3.0,179.8
2010-09-11,12.9,-1,8.0,195.0
2010-09-12,14.7,-1,7.0,1.3
2010-09-13,16,-1,7.0,25.7
2010-09-14,14.3,-1,8.0,53.5
2010-09-15,12.2,-1,7.0,0.6
2010-09-16,10.7,-1,7.0,38.4
2010-09-17,11.2,-1,7.0,12.6
2010-09-18,10.3,-1,3.0,5.5
2010-09-19,9.3,-1,8.0,1.0
2010-09-20,9.9,-1,8.0,33.9
2010-09-21,10.3,-1,0.0,1.9
2010-09-22,9.9,-1,7.0,1.4
2010-09-23,10.3,-1,3.0,1.1
2010-09-24,12.8,-1,7.0,0.9
2010-09-25,14.7,-1,7.0,1.3
2010-09-26,8.1,-1,8.0,0.8
2010-09-27,6.2,-1,0.0,1.6
2010-09-28,5.6,-1,0.0,28.5
2010-09-29,5.5,-1,0.0,59.8
2010-09-30,6.7,-1,1.0,139.1
2010-10-01,4.1,-1,1.0,75.8
2010-10-02,3,-1,9.0,0.7
2010-10-03,7.1,-1,9.0,40.8
2010-10-04,7.9,-1,0.0,0.5
2010-10-05,7.7,-1,5.0,0.0
2010-10-06,6.8,-1,0.0,1.5
2010-10-07,7.3,-1,0.0,0.2
2010-10-08,7.7,-1,7.0,15.1
2010-10-09,8.4,-1,7.0,23.2
2010-10-10,7.2,-1,7.0,71.9
2010-10-11,5.6,-1,0.0,50.5
2010-10-12,2.9,-1,7.0,98.8
2010-10-13,2.4,-1,5.0,3.4
2010-10-14,1.6,-1,1.0,20.9
2010-10-15,1.2,0,8.0,0.9
2010-10-16,0.8,0,7.0,22.7
2010-10-17,2.6,0,7.0,67.7
2010-10-18,5.3,-1,1.0,1.5
2010-10-19,5,-1,7.0,0.6
2010-10-20,6.1,-1,7.0,1.3
2010-10-21,1.3,-1,7.0,2.3
2010-10-22,-2.6,-1,0.0,3.1
2010-10-23,1.4,-1,0.0,1.8
2010-10-24,0.9,-1,0.0,2.4
2010-10-25,1.5,1,7.0,2.0
2010-10-26,0.9,0,8.0,90.6
2010-10-27,-1,-1,7.0,1.7
2010-10-28,6.2,-1,7.0,1.2
2010-10-29,6.4,-1,8.0,1.3
2010-10-30,6.8,-1,8.0,9.0
2010-10-31,7.7,-1,7.0,43.0
2011-09-01,13.3,-1,5.0,0.7
2011-09-02,13,-1,7.0,88.0
2011-09-03,13.7,-1,8.0,125.8
2011-09-04,13.5,-1,7.0,263.2
2011-09-05,15.4,-1,0.0,0.5
2011-09-06,14.9,-1,0.0,12.7
2011-09-07,14,-1,1.0,60.9
2011-09-08,13.9,-1,7.0,66.7
2011-09-09,12.7,-1,7.0,173.5
2011-09-10,12.6,-1,7.0,139.9
2011-09-11,13.2,-1,1.0,17.5
2011-09-12,13.8,-1,7.0,0.3
2011-09-13,14.2,-1,7.0,0.3
2011-09-14,12.8,-1,7.0,0.6
2011-09-15,12.1,-1,8.0,1.0
2011-09-16,12.3,-1,5.0,58.5
2011-09-17,11.7,-1,7.0,49.2
2011-09-18,11.2,-1,7.0,182.4
2011-09-19,11.6,-1,7.0,121.4
2011-09-20,12.9,-1,8.0,145.8
2011-09-21,12.8,-1,8.0,0.5
2011-09-22,11.5,-1,7.0,5.8
2011-09-23,10.1,-1,0.0,0.7
2011-09-24,7.9,-1,7.0,45.4
2011-09-25,9.2,-1,1.0,126.9
2011-09-26,11,-1,7.0,81.3
2011-09-27,12.1,-1,7.0,0.4
2011-09-28,9.7,-1,0.0,15.8
2011-09-29,10.5,-1,0.0,29.6
2011-09-30,15.5,-1,7.0,68.5
2011-10-01,8.7,-1,0.0,222.5
2011-10-02,8.1,-1,0.0,0.5
2011-10-03,9.7,-1,8.0,174.6
2011-10-04,10.1,-1,3.0,0.9
2011-10-05,9.8,-1,7.0,86.4
2011-10-06,10.5,-1,1.0,8.8
2011-10-07,9.2,-1,7.0,2.5
2011-10-08,7.7,-1,7.0,22.4
2011-10-09,4.9,-1,0.0,188.0
2011-10-10,7.4,-1,7.0,1.2
2011-10-11,6.5,-1,7.0,1.3
2011-10-12,4.1,-1,1.0,1.5
2011-10-13,5,-1,8.0,31.1
2011-10-14,2.8,-1,7.0,173.8
2011-10-15,4.3,-1,5.0,29.4
2011-10-16,7.2,-1,8.0,116.3
2011-10-17,7.9,-1,7.0,1.4
2011-10-18,8.5,-1,7.0,1.1
2011-10-19,6.8,-1,8.0,0.7
2011-10-20,6.2,-1,7.0,33.7
2011-10-21,3.9,-1,7.0,69.5
2011-10-22,6.3,-1,0.0,103.5
2011-10-23,4.1,-1,0.0,2.2
2011-10-24,6.3,-1,0.0,2.1
2011-10-25,7.3,-1,7.0,1.6
2011-10-26,5.3,-1,8.0,1.9
2011-10-27,5.8,-1,7.0,1.8
2011-10-28,6.9,-1,8.0,1.7
2011-10-29,7,-1,8.0,92.4
2011-10-30,7.8,-1,7.0,1.6
2011-10-31,8.3,-1,8.0,23.3
2012-09-01,12.1,-1,8.0,0.4
2012-09-02,14.6,-1,8.0,77.6
2012-09-03,14.5,-1,7.0,109.3
2012-09-04,13.7,-1,3.0,158.8
2012-09-05,14.5,-1,7.0,176.1
2012-09-06,11,-1,0.0,141.6
2012-09-07,8.3,-1,5.0,62.9
2012-09-08,7.6,-1,1.0,83.2
2012-09-09,8.6,-1,7.0,67.7
2012-09-10,11.3,-1,5.0,184.7
2012-09-11,15.1,-1,8.0,0.8
2012-09-12,13.6,-1,0.0,1.1
2012-09-13,10.6,-1,0.0,53.7
2012-09-14,11,-1,0.0,30.3
2012-09-15,12.3,-1,7.0,7.2
2012-09-16,11.7,-1,0.0,205.2
2012-09-17,13.7,-1,5.0,0.6
2012-09-18,12.3,-1,0.0,75.7
2012-09-19,12.6,-1,7.0,31.6
2012-09-20,9.9,-1,1.0,-
2012-09-21,8.2,-1,1.0,-
2012-09-22,10.4,-1,8.0,-
2012-09-23,8.2,-1,8.0,-
2012-09-24,7.1,-1,7.0,-
2012-09-25,6.9,-1,7.0,-
2012-09-26,7.9,-1,8.0,1.3
2012-09-27,12.2,-1,8.0,3.7
2012-09-28,10.7,-1,7.0,1.1
2012-09-29,9.5,-1,7.0,7.4
2012-09-30,9.3,-1,7.0,0.5
2012-10-01,9.8,-1,7.0,0.4
2012-10-02,12.2,-1,8.0,0.4
2012-10-03,12.5,-1,8.0,1.5
2012-10-04,11.3,-1,7.0,0.2
2012-10-05,10.1,-1,7.0,1.5
2012-10-06,7.8,-1,7.0,-0.2
2012-10-07,8.3,-1,8.0,27.2
2012-10-08,6.3,-1,7.0,1.1
2012-10-09,6.2,-1,7.0,0.4
2012-10-10,6.1,-1,7.0,1
2012-10-11,5.6,-1,7.0,14.8
2012-10-12,4.4,-1,8.0,0.3
2012-10-13,3.6,-1,7.0,0.2
2012-10-14,3.8,-1,7.0,0.8
2012-10-15,4.1,-1,0.0,2.5
2012-10-16,8.6,-1,7.0,1.4
2012-10-17,6.5,-1,3.0,31.9
2012-10-18,8.8,-1,8.0,2.1
2012-10-19,11.4,-1,7.0,13
2012-10-20,6.4,-1,7.0,204.5
2012-10-21,4.3,-1,7.0,185.5
2012-10-22,3.3,-1,7.0,167.4
2012-10-23,3.2,-1,8.0,46.4
2012-10-24,3.8,-1,7.0,5.2
2012-10-25,-0.9,-1,0.0,171.5
2012-10-26,-3.3,4,7.0,57.8
2012-10-27,-3.5,3,1.0,3.8
2012-10-28,-1.6,3,0.0,2.9
2012-10-29,0.8,3,7.0,3.1
2012-10-30,1.7,1,8.0,1.2
2012-10-31,0,0,5.0,1.7
2012-11-01,3.4,0,5.0,2.5
2012-11-02,5.1,-1,7.0,1.3
2012-11-03,5,-1,7.0,1
2012-11-04,1.1,-1,7.0,2.1
2012-11-05,2.2,-1,8.0,2
2012-11-06,0.6,-1,8.0,1.7
2012-11-07,1.3,1,8.0,1.4
2012-11-08,0.7,0,1.0,51.4
2012-11-09,-3.1,-1,0.0,86.4
2012-11-10,1,0,7.0,1.2
2012-11-11,3.9,-1,7.0,0.5
2012-11-12,5.5,-1,7.0,0.8
2012-11-13,0.8,-1,1.0,48.1
2012-11-14,5.7,-1,8.0,1.9
2012-11-15,5,-1,7.0,13.8
2012-11-16,3.4,-1,7.0,2
2012-11-17,6.1,-1,7.0,1
2012-11-18,4.5,-1,7.0,0.8
2012-11-19,3.6,-1,8.0,48
2012-11-20,5.5,-1,7.0,20.7
2012-11-21,7.2,-1,7.0,1.3
2012-11-22,4.9,-1,7.0,0.6
2012-11-23,5.3,-1,8.0,0.8
2012-11-24,4.8,-1,8.0,0.7
2012-11-25,3.5,-1,7.0,1.5
2012-11-26,2.1,-1,7.0,1.5
2012-11-27,1.1,-1,7.0,21.9
2012-11-28,-1.8,-1,8.0,3.1
2012-11-29,-3.2,-1,8.0,3.1
2012-11-30,-6.4,-1,7.0,18.6
2012-12-01,-10.2,6,9.0,2
2012-12-02,-13.3,9,7.0,1.7
2012-12-03,-18.4,9,5.0,3.7
2012-12-04,-14.8,9,1.0,4.1
2012-12-05,-16.8,9,8.0,3.2
2012-12-06,-5.5,9,8.0,3.1
2012-12-07,-4.7,11,7.0,3.8
2012-12-08,-3.2,14,7.0,0
2012-12-09,-3.5,14,8.0,0.3
2012-12-10,-5.5,13,7.0,2.3
2012-12-11,-6.4,13,5.0,2
2012-12-12,-2.4,20,9.0,1.3
2012-12-13,-4.9,21,8.0,0.3
2012-12-14,-4.3,27,7.0,0.6
2012-12-15,-4.6,28,8.0,0.6
2012-12-16,-5.5,25,8.0,1.1
2012-12-17,-6.2,27,7.0,1.4
2012-12-18,-7.4,29,8.0,1.4
2012-12-19,-9.4,29,8.0,3.5
2012-12-20,-12.1,29,7.0,3.8
2012-12-21,-12.9,31,7.0,2.8
2012-12-22,-15.2,30,7.0,1.5
2012-12-23,-12.3,29,8.0,2.3
2012-12-24,-10.4,29,8.0,1.8
2012-12-25,-11.7,30,8.0,3.2
2012-12-26,-14.5,32,7.0,2.9
2012-12-27,-0.2,34,7.0,1
2012-12-28,-3.7,31,,2
2012-12-29,-10.6,31,,3.3
2012-12-30,-0.5,31,,1.1
2012-12-31,1.4,26,,0.7
2007-12-10,2.4,-1,,1.7
2007-12-11,3.1,-1,,2.3
2007-12-12,-1.8,-1,,2.9
2007-12-13,-5.5,-1,,2.2
2007-12-14,-3.1,-1,,1.5
2007-12-15,-0.1,-1,,1.4
2007-12-16,-1.3,-1,,1.2
2007-12-17,-1.1,-1,,0.7
2007-12-18,0.5,-1,,0.6
2007-12-19,1,-1,,0.7
2007-12-20,4.4,-1,,0.8
2007-12-21,2.7,-1,,1.4
2007-12-22,-0.1,-1,,1.7
2007-12-23,-0.9,-1,,2.4
2007-12-24,1.3,0,,0.8
2007-12-25,2.7,-1,,1.3
2007-12-26,2.2,-1,,2.6
2007-12-27,4.1,-1,,1.7
2007-12-28,4,-1,,0.7
2007-12-29,5.5,-1,,1.6
2007-12-30,3.3,-1,,1.1
2007-12-31,-0.2,0,,1.6
2008-01-01,0.4,1,,4.2
2008-01-02,-3.1,1,,3.1
2008-01-03,-4.7,1,,2.7
2008-01-04,-6.6,1,,2.2
2008-01-05,-7.6,1,,3.4
2008-01-06,-5.6,1,,3.9
2008-01-07,-5.1,4,,3.5
2008-01-08,-3.5,12,,-
2008-01-09,-3.2,15,,-
2008-01-10,1.1,13,,1.6
2008-01-11,2.5,6,,1.1
2008-01-12,2.4,1,,1.8
2008-01-13,1.9,-1,,1.6
2008-01-14,1.5,1,,4.8
2008-01-15,2.1,-1,,1.7
2008-01-16,2.1,-1,,1.1
2008-01-17,2.9,-1,,1.5
2008-01-18,1.7,-1,,3.6
2008-01-19,1.7,-1,,0.8
2008-01-20,1.2,-1,,1.9
2008-01-21,-0.2,8,,-
2008-01-22,-2.6,9,,-
2008-01-23,-3.2,9,,28.1
2008-01-24,-1.6,9,,2.3
2008-01-25,1.2,8,,3.5
2008-01-26,0.4,8,,4.5
2008-01-27,-2.6,8,,56
2008-01-28,-3.3,8,,33
2008-01-29,2.1,7,,24.3
2008-01-30,0.1,2,,51.4
2008-01-31,-1.9,10,,2.6
2008-02-01,-0.2,10,,1.9
2008-02-02,1.3,15,,1.2
2008-02-03,-1.9,17,,2.7
2008-02-04,-1.7,18,,97.7
2008-02-05,0,18,,3.4
2008-02-06,1,13,,1.3
2008-02-07,0.8,12,,1.7
2008-02-08,0.9,10,,1.5
2008-02-09,1.7,9,,2.6
2008-02-10,1.8,7,,2.4
2008-02-11,1.2,5,,33.2
2008-02-12,0.5,4,,5.7
2008-02-13,0.1,5,,74.9
2008-02-14,-3.1,5,,38.5
2008-02-15,-6.4,5,,161.5
2008-02-16,-7.9,5,,2.1
2008-02-17,-0.5,6,,102.9
2008-02-18,-2.1,5,,154.1
2008-02-19,-4.4,5,,98.9
2008-02-20,-2.6,5,,81.8
2008-02-21,0.6,5,,1.8
2008-02-22,2.7,4,,0.6
2008-02-23,1.2,3,,155.1
2008-02-24,-0.2,3,,13.1
2008-02-25,2.6,3,,1.4
2008-02-26,1,3,,138.3
2008-02-27,1.8,5,,58.3
2008-02-28,-0.9,6,,79.4
2008-02-29,-2.3,6,,105.1
2008-03-01,-0.5,6,,77.8
2008-03-02,-0.7,6,,1.5
2008-03-03,-3.3,8,,11
2008-03-04,-5.4,14,,4.3
2008-03-05,-5.7,14,,244
2008-03-06,-2.2,14,,200.8
2008-03-07,-0.1,15,,252.6
2008-03-08,-0.7,14,,3.2
2008-03-09,1.7,15,,3.1
2008-03-10,5,9,,1.4
2008-03-11,4.3,3,,6.5
2008-03-12,2.2,2,,1.5
2008-03-13,0.9,2,,0.9
2008-03-14,0.8,6,,55.4
2008-03-15,-1.5,7,,262.2
2008-03-16,-1.4,7,,13.4
2008-03-17,-0.2,6,,13.3
2008-03-18,-0.9,5,,97
2008-03-19,-2.2,3,,148.1
2008-03-20,-5.1,3,,252.1
2008-03-21,-8.8,3,,32.7
2008-03-22,-7.6,3,,74
2008-03-23,-5.2,3,,25.3
2008-03-24,-5.9,4,,75.3
2008-03-25,-2.3,3,,383.1
2008-03-26,-3.9,4,,64
2008-03-27,-2.4,10,,22.1
2008-03-28,0.3,10,,342.9
2008-03-29,2.9,10,,1.4
2008-03-30,3.5,4,,98.7
2008-03-31,5.9,2,,1.2
2008-04-01,7.7,0,,116.6
2008-04-02,5.6,0,,55.4
2008-04-03,5.8,0,,331.6
2008-04-04,4.7,0,,3.6
2008-04-05,2.5,0,,1.1
2008-04-06,5.4,0,,2
2008-04-07,5.9,-1,,328
2008-04-08,6.1,-1,,3.2
2008-04-09,3.6,-1,,41.4
2008-12-10,-1.8,-1,7.0,2.8
2008-12-11,-1.2,9,9.0,4
2008-12-12,0.9,5,7.0,1.9
2008-12-13,2.3,2,8.0,1.4
2008-12-14,0.3,0,9.0,2.8
2008-12-15,-2.7,0,8.0,1.5
2008-12-16,-2.9,0,8.0,1.5
2008-12-17,-1.9,-1,8.0,1.2
2008-12-18,1.2,0,8.0,1.2
2008-12-19,2.3,-1,7.0,0.9
2008-12-20,1.4,-1,8.0,1.6
2008-12-21,1.3,0,7.0,1.7
2008-12-22,0.5,5,8.0,2.2
2008-12-23,-1,5,8.0,2.5
2008-12-24,-2.2,5,7.0,2.9
2008-12-25,-3.2,5,8.0,1.6
2008-12-26,-0.2,5,8.0,1
2008-12-27,-0.1,4,7.0,1.1
2008-12-28,-5.1,4,0.0,1.2
2008-12-29,0.3,2,7.0,0.5
2008-12-30,-0.4,2,8.0,1.1
2008-12-31,-1.4,2,7.0,0.7
2009-01-01,-6.5,2,0.0,1.6
2009-01-02,-11.8,2,3.0,2.2
2009-01-03,-12.3,2,7.0,2.1
2009-01-04,-10.2,2,0.0,4.9
2009-01-05,-11.9,2,0.0,2.6
2009-01-06,-2.3,3,8.0,1.6
2009-01-07,-12.1,5,8.0,5.8
2009-01-08,-12.2,5,0.0,1.8
2009-01-09,-1.5,10,8.0,6.5
2009-01-10,-3.9,10,0.0,2
2009-01-11,1.6,8,8.0,1.2
2009-01-12,3.2,7,8.0,0.8
2009-01-13,3.6,0,7.0,4.1
2009-01-14,2.1,-1,7.0,3.8
2009-01-15,-4.8,1,8.0,30.9
2009-01-16,-12.1,1,0.0,16.1
2009-01-17,-12.3,1,0.0,1.4
2009-01-18,-4.2,1,7.0,1.4
2009-01-19,-3.1,7,8.0,1.7
2009-01-20,-2.4,10,8.0,1.7
2009-01-21,-1,13,8.0,1.3
2009-01-22,-1.6,11,8.0,1.2
2009-01-23,-3.4,22,9.0,1.1
2009-01-24,-5.1,22,8.0,2
2009-01-25,-3.1,22,8.0,3.5
2009-01-26,-3.6,20,8.0,1.8
2009-01-27,-4,22,8.0,2.9
2009-01-28,-4.3,22,7.0,2.9
2009-01-29,-3.7,22,8.0,2.8
2009-01-30,-4,22,8.0,1.4
2009-01-31,-15.4,22,5.0,2.1
2009-02-01,-8.5,22,8.0,82.4
2009-02-02,-5,20,7.0,5.9
2009-02-03,-7.1,19,8.0,2.9
2009-02-04,-4,19,7.0,1.3
2009-02-05,-4.8,18,8.0,2.2
2009-02-06,-5.6,18,8.0,67.7
2009-02-07,-1.9,22,7.0,1
2009-02-08,0.8,20,8.0,0.9
2009-02-09,-1.9,13,8.0,1.2
2009-02-10,-5.5,13,0.0,20.6
2009-02-11,-3.7,13,8.0,0.9
2009-02-12,-7.1,13,1.0,76.9
2009-02-13,-6.8,13,8.0,1.6
2009-02-14,-6.1,13,8.0,2.8
2009-02-15,-5.5,13,8.0,155.3
2009-02-16,-10,13,8.0,42.4
2009-02-17,-11.5,13,0.0,39.9
2009-02-18,-9.6,12,7.0,118.6
2009-02-19,-9.2,13,8.0,10.2
2009-02-20,-5.8,14,7.0,8.1
2009-02-21,-6.4,14,7.0,0.8
2009-02-22,-5.5,14,0.0,3.1
2009-02-23,-5.4,17,8.0,-
2009-02-24,-3.1,17,8.0,-
2009-02-25,-2.4,16,7.0,140.9
2009-02-26,-5,16,5.0,37.7
2009-02-27,-2.3,21,7.0,126.5
2009-02-28,-6.5,23,8.0,168.1
2009-03-01,-8,22,8.0,230.6
2009-03-02,-6.5,22,8.0,2.2
2009-03-03,-3.7,24,8.0,1.5
2009-03-04,0.6,25,7.0,2
2009-03-05,0.3,20,8.0,2.4
2009-03-06,-0.2,21,8.0,26.5
2009-03-07,-0.7,21,3.0,4.9
2009-03-08,-2.7,21,8.0,1.6
2008-04-10,3.5,0,,277.8
2008-04-11,2.8,-1,,415.0
2008-04-12,4.5,-1,,22.4
2008-04-13,1.4,2,,220.7
2008-04-14,1.1,15,,1.1
2008-04-15,3.5,1,,358.3
2008-04-16,4.1,-1,,264.8
2008-04-17,5.3,-1,,108.8
2008-04-18,5.8,-1,,144.2
2008-04-19,5.1,-1,,324.8
2008-04-20,4.6,-1,,321.2
2008-04-21,5.6,-1,,253.8
2008-04-22,4.8,-1,,211.3
2008-04-23,6.8,-1,,146.7
2008-04-24,8,-1,,135.8
2008-04-25,8.3,-1,,344.2
2008-04-26,10.3,-1,,358.3
2008-04-27,10.6,-1,,155.2
2008-04-28,11.5,-1,,117.5
2008-04-29,13.4,-1,,37.0
2008-04-30,15,-1,,407.7
2008-05-01,14.3,-1,,409.3
2008-05-02,17.2,-1,,292.3
2008-05-03,15.6,-1,,307.5
2008-05-04,12.1,-1,,163.3
2008-05-05,8,-1,,96.3
2008-05-06,6.3,-1,,89.7
2008-05-07,8.3,-1,,6.6
2008-05-08,10.8,-1,,15.8
2008-05-09,13,-1,,142.8
2008-05-10,14,-1,,257.4
2008-05-11,15.6,-1,,10.2
2008-05-12,8.6,-1,,135.1
2008-05-13,5.2,-1,,125.7
2008-05-14,5.6,-1,1.0,113.7
2008-05-15,4.1,-1,7.0,120.9
2008-05-16,5,-1,3.0,11.2
2008-05-17,6.5,-1,0.0,7.5
2008-05-18,4.5,-1,7.0,6.5
2008-05-19,6,-1,8.0,3.7
2008-05-20,8.6,-1,0.0,27.7
2008-05-21,9,-1,7.0,23.4
2008-05-22,10.2,-1,3.0,186.3
2008-05-23,10.8,-1,7.0,252.7
2008-05-24,10.5,-1,0.0,282.6
2008-05-25,12.3,-1,5.0,207.5
2008-05-26,12.5,-1,0.0,133.6
2008-05-27,8.3,-1,0.0,350.5
2008-05-28,11.2,-1,0.0,48.8
2008-05-29,15,-1,0.0,121.2
2008-05-30,16.3,-1,0.0,335.5
2008-05-31,16.5,-1,7.0,552.6
2008-06-01,17.5,-1,0.0,10.4
2008-06-02,15.8,-1,7.0,44.0
2008-06-03,14.6,-1,1.0,476.4
2008-06-04,15.1,-1,0.0,502.8
2008-06-05,19,-1,0.0,302.4
2008-06-06,19.6,-1,0.0,375.0
2008-06-07,15.1,-1,7.0,331.9
2008-06-08,18.4,-1,0.0,26.3
2008-06-09,13.3,-1,7.0,56.5
2008-06-10,12.4,-1,8.0,292.0
2008-06-11,10.7,-1,7.0,129.5
2008-06-12,8.6,-1,7.0,1.5
2008-06-13,10.5,-1,0.0,6.3
2008-06-14,12.6,-1,0.0,220.1
2008-06-15,13.5,-1,8.0,266.3
2008-06-16,13.7,-1,5.0,0.8
2008-06-17,13.2,-1,5.0,185.3
2008-06-18,12.6,-1,7.0,159.2
2008-06-19,15.8,-1,7.0,34.8
2008-06-20,15.8,-1,8.0,106.5
2008-06-21,14.3,-1,7.0,24.1
2008-06-22,14.1,-1,5.0,202.1
2008-06-23,12.7,-1,1.0,267.3
2008-06-24,12.6,-1,7.0,74.6
2008-06-25,11.9,-1,8.0,96.0
2008-06-26,13.6,-1,0.0,0.7
2008-06-27,15.1,-1,7.0,4.7
2008-06-28,13.6,-1,8.0,89.4
2008-06-29,13.8,-1,8.0,454.0
2008-06-30,16,-1,1.0,196.9
2008-07-01,16.5,-1,5.0,234.0
2008-07-02,15.8,-1,0.0,342.0
2008-07-03,15.2,-1,5.0,460.9
2008-07-04,20.5,-1,7.0,74.6
2008-07-05,14.5,-1,0.0,17.2
2008-07-06,12,-1,7.0,14.1
2008-07-07,11.9,-1,0.0,213.4
2008-07-08,14,-1,7.0,11.2
2008-07-09,13.1,-1,0.0,21.4
2008-07-10,16,-1,0.0,3.4
2008-07-11,17.2,-1,0.0,5.3
2008-07-12,18.1,-1,7.0,27.4
2008-07-13,17.7,-1,0.0,81.3
2008-07-14,16.7,-1,3.0,220.6
2008-07-15,17.3,-1,7.0,324.9
2008-07-16,17.9,-1,0.0,11.9
2008-07-17,15.4,-1,7.0,307.6
2008-07-18,15.9,-1,0.0,167.1
2008-07-19,17.6,-1,1.0,192.7
2008-07-20,16.3,-1,1.0,202.8
2008-07-21,15.8,-1,7.0,0.8
2008-07-22,15.3,-1,7.0,14.3
2008-07-23,17.8,-1,8.0,6.7
2008-07-24,18,-1,0.0,75.5
2008-07-25,20.1,-1,0.0,200.1
2008-07-26,21.4,-1,0.0,133.9
2008-07-27,18.7,-1,0.0,148.7
2008-07-28,16.1,-1,0.0,208.3
2008-07-29,16.3,-1,7.0,476.3
2008-07-30,16.1,-1,0.0,243.8
2008-07-31,18.6,-1,0.0,1.5
2008-08-01,18.5,-1,0.0,84.7
2008-08-02,15.1,-1,0.0,74.0
2008-08-03,14.7,-1,7.0,203.5
2008-08-04,12.9,-1,7.0,73.8
2008-08-05,12.9,-1,0.0,59.3
2008-08-06,11.8,-1,0.0,39.6
2008-08-07,14.3,-1,8.0,105.0
2008-08-08,15.2,-1,8.0,76.9
2008-08-09,14.3,-1,8.0,1.4
2008-08-10,14,-1,0.0,269.2
2008-08-11,15.2,-1,3.0,225.5
2008-08-12,17.9,-1,7.0,48.4
2008-08-13,17.6,-1,7.0,64.7
2008-08-14,17.5,-1,0.0,3.2
2008-08-15,16.8,-1,7.0,51.0
2008-08-16,12.9,-1,0.0,287.4
2008-08-17,15.4,-1,8.0,286.5
2008-08-18,17.6,-1,8.0,235.7
2008-08-19,15.3,-1,7.0,0.0
2008-08-20,16.9,-1,3.0,0.9
2008-08-21,16.5,-1,0.0,20.1
2008-08-22,15.4,-1,7.0,66.9
2008-08-23,13.8,-1,7.0,0.7
2008-08-24,14,-1,0.0,0.9
2008-08-25,14.4,-1,0.0,1.3
2008-08-26,12.2,-1,0.0,1.2
2008-08-27,11.5,-1,7.0,1.3
2008-08-28,11.6,-1,7.0,159.1
2008-08-29,10.3,-1,8.0,39.8
2008-08-30,10.7,-1,0.0,82.1
2008-08-31,8.6,-1,1.0,193.6
2008-09-01,9.1,-1,0.0,63.6
2008-09-02,7.9,-1,0.0,97.3
2008-09-03,13.5,-1,8.0,71.1
2008-09-04,14.3,-1,0.0,18.0
2008-09-05,14.3,-1,1.0,260.3
2008-09-06,14,-1,7.0,270.1
2008-09-07,13,-1,8.0,24.1
2008-09-08,10.6,-1,0.0,41.9
2008-09-09,10.6,-1,8.0,142.0
2008-09-10,9.7,-1,7.0,1.4
2008-09-11,7.2,-1,0.0,1.1
2008-09-12,6.4,-1,0.0,127.9
2008-09-13,7.4,-1,8.0,79.0
2008-09-14,5.9,-1,3.0,1.2
2008-09-15,6.9,-1,7.0,13.4
2008-09-16,6.2,-1,8.0,118.2
2008-09-17,6.1,-1,8.0,0.8
2008-09-18,6.5,-1,7.0,1.3
2008-09-19,7.1,-1,8.0,5.7
2008-09-20,8.7,-1,7.0,17.2
2008-09-21,9.4,-1,8.0,7.5
2008-09-22,9.5,-1,0.0,0.4
2008-09-23,9.2,-1,0.0,190.2
2008-09-24,9.5,-1,1.0,65.0
2008-09-25,9.3,-1,0.0,180.0
2008-09-26,9,-1,0.0,2.1
2008-09-27,9.4,-1,0.0,1.6
2008-09-28,10.2,-1,7.0,44.0
2008-09-29,7,-1,3.0,64.2
2008-09-30,5.1,-1,0.0,161.2
2008-10-01,8.3,-1,7.0,171.8
2008-10-02,8.6,-1,7.0,56.4
2008-10-03,7.8,-1,8.0,241.5
2008-10-04,8.3,-1,8.0,80.1
2008-10-05,9,-1,1.0,3.6
2008-10-06,8.6,-1,7.0,5.1
2008-10-07,6.8,-1,1.0,6.0
2008-10-08,4.1,-1,0.0,72.8
2008-10-09,5,-1,8.0,6.2
2008-10-10,8.3,-1,7.0,2.4
2008-10-11,10,-1,7.0,0.8
2008-10-12,9.6,-1,1.0,139.5
2008-10-13,8.2,-1,5.0,3.2
2008-10-14,8.7,-1,8.0,1.3
2008-10-15,5.7,-1,1.0,1.3
2008-10-16,7.1,-1,0.0,3.2
2008-10-17,6.2,-1,8.0,1.2
2008-10-18,4.9,-1,8.0,2.0
2008-10-19,6.5,-1,3.0,12.3
2008-10-20,7.9,-1,7.0,5.1
2008-10-21,10.7,-1,7.0,32.7
2008-10-22,8,-1,8.0,67.8
2008-10-23,5.9,-1,0.0,103.1
2008-10-24,8.7,-1,7.0,1.5
2008-10-25,8.9,-1,7.0,32.8
2008-10-26,8.7,-1,7.0,2.6
2008-10-27,8.5,-1,8.0,3.8
2008-10-28,4.5,-1,0.0,6.0
2008-10-29,4.6,-1,7.0,2.8
2008-10-30,4.4,-1,7.0,30.1
2008-10-31,5.7,-1,7.0,2.3
2008-11-01,1.7,-1,8.0,107.3
2008-11-02,0.4,-1,1.0,1.7
2008-11-03,3.6,-1,3.0,89.5
2008-11-04,4.5,-1,7.0,12.0
2008-11-05,3.8,-1,1.0,25.8
2008-11-06,-1.3,-1,0.0,33.5
2008-11-07,-1.5,-1,0.0,59.0
2008-11-08,1.4,-1,1.0,2.0
2008-11-09,5.2,-1,7.0,2.1
2008-11-10,6.8,-1,7.0,1.8
2008-11-11,6.1,-1,8.0,2.3
2008-11-12,5.5,-1,8.0,2.5
2008-11-13,5.4,-1,7.0,55.9
2008-11-14,4.1,-1,7.0,4.2
2008-11-15,4.8,-1,7.0,60.6
2008-11-16,2.2,-1,8.0,17.0
2008-11-17,-1.3,0,3.0,43.7
2008-11-18,2,0,7.0,1.5
2008-11-19,0.3,-1,7.0,2.5
2008-11-20,-1.8,1,8.0,4.3
2008-11-21,-5,1,0.0,31.4
2008-11-22,-6.2,1,7.0,4.3
2008-11-23,-3.3,1,7.0,2.6
2008-11-24,-0.9,8,7.0,0.9
2008-11-25,-0.2,8,8.0,2.9
2008-11-26,-1,8,7.0,1.4
2008-11-27,0.4,11,7.0,1.3
2008-11-28,4.2,0,7.0,1.4
2008-11-29,3.1,0,7.0,3.9
2008-11-30,1.9,0,8.0,2.5
2008-12-01,3.9,0,7.0,1.4
2008-12-02,3.9,-1,8.0,2.2
2008-12-03,4,-1,7.0,2.1
2008-12-04,1.5,-1,7.0,1.2
2008-12-05,-0.2,0,8.0,2.6
2008-12-06,-0.9,0,8.0,3.3
2008-12-07,-2.6,0,7.0,3.4
2008-12-08,-2.8,0,8.0,2.6
2008-12-09,0,-1,7.0,1.6
2006-11-22,5.7,-1,,1.2
2006-11-23,3.8,-1,,1.1
2006-11-24,5.7,-1,,1.4
2006-11-25,6.9,-1,,1.6
2006-11-26,7.8,-1,,0.8
2006-11-27,5.4,-1,,0.8
2006-11-28,5,-1,,5.6
2006-11-29,5.7,-1,,1.4
2006-11-30,5.6,-1,,6.5
2006-12-01,5,-1,,1.6
2006-12-02,5.5,-1,,1.5
2006-12-03,5.6,-1,,2.3
2006-12-04,5.2,-1,,2.1
2006-12-05,5.8,-1,,0.7
2006-12-06,8.5,-1,,1.1
2006-12-07,5.9,-1,,1.5
2006-12-08,6.5,-1,,0.9
2006-12-09,7.2,-1,,1.3
2006-12-10,5.6,-1,,1.6
2006-12-11,5,-1,,1.0
2006-12-12,5,-1,,1.2
2006-12-13,4.8,-1,,0.7
2006-12-14,5,-1,,1.6
2006-12-15,4.3,-1,,2.0
2006-12-16,1.5,-1,,3.3
2006-12-17,-0.8,-1,,4.4
2006-12-18,-2.2,2,,3.1
2006-12-19,-5.7,2,,2.8
2006-12-20,-0.6,3,,2.8
2006-12-21,1.9,1,,1.1
2006-12-22,1.8,1,,0.4
2006-12-23,3.1,1,,0.9
2006-12-24,2.7,-1,,1.5
2006-12-25,-3.8,-1,,2.8
2006-12-26,0.4,-1,,1.2
2006-12-27,3.4,-1,,0.7
2006-12-28,-0.7,-1,,1.2
2006-12-29,-5,0,,1.8
2006-12-30,0,0,,2.3
2006-12-31,3.8,-1,,1.5
2007-01-01,0.9,-1,,2.1
2007-01-02,2.3,-1,,1.9
2007-01-03,0.8,-1,,2.8
2007-01-04,1.6,0,,1.8
2007-01-05,3.2,-1,,1.3
2007-01-06,-1.4,-1,,2.7
2007-01-07,-0.4,0,,3.4
2007-01-08,4,-1,,1.3
2007-01-09,4.6,-1,,1.1
2007-01-10,4,-1,,1.2
2007-01-11,-1.3,-1,,23.5
2007-01-12,-6.1,-1,,20.1
2007-01-13,-1.3,-1,,2.5
2007-01-14,-0.8,1,,4.2
2007-01-15,-1.9,13,,4
2007-01-16,2.2,7,,1
2007-01-17,-0.1,5,,2.4
2007-01-18,1,8,,2.3
2007-01-19,-2,7,,23.8
2007-01-20,-7.6,7,,11.4
2007-01-21,-7.7,7,,4.7
2007-01-22,-13,7,,35
2007-01-23,-14.1,7,,4.1
2007-01-24,-5.9,10,,4.7
2007-01-25,-10,10,,2.2
2007-01-26,-1.9,10,,2.2
2007-01-27,-8.2,11,,2.6
2007-01-28,-11,11,,2.3
2007-01-29,-13.5,11,,4.5
2007-01-30,-11.7,11,,3.2
2007-01-31,-8.1,15,,4.3
2007-02-01,-7,20,,3.6
2007-02-02,-1.9,20,,1.8
2007-02-03,-0.5,27,,1
2007-02-04,-2.4,27,,1.2
2007-02-05,-10.3,25,,3.3
2007-02-06,-22.2,26,,5.2
2007-02-07,-26.6,26,,4.4
2007-02-08,-23.4,26,,2.9
2007-02-09,-21.7,26,,3.2
2007-02-10,-21.3,26,,3.1
2007-02-11,-8.3,26,,3.5
2007-02-12,-7.8,25,,3.8
2007-02-13,-10.2,25,,3.6
2007-02-14,-11.2,25,,1.6
2007-02-15,-8,25,,0.2
2007-02-16,-3.9,25,,0.5
2007-02-17,1.2,25,,-0.1
2007-02-18,-1.1,24,,0.6
2007-02-19,-14.6,24,,0.7
2007-02-20,-19,24,,27.6
2007-02-21,-19.1,24,,177.6
2007-02-22,-19.2,24,,142.1
2007-02-23,-19.7,24,,79.1
2007-02-24,-12.2,24,,1.9
2007-02-25,-10.8,24,,1.4
2007-02-26,-10.4,24,,2
2007-02-27,-9.8,24,,34.4
2007-02-28,-4.6,24,,15.3
2007-03-01,-0.8,25,,1.5
2007-03-02,0.7,31,,0.6
2007-03-03,0.8,24,,227.8
2007-03-04,-0.2,24,,72.9
2007-03-05,-2.6,23,,46.1
2007-03-06,-4.5,23,,2.8
2007-03-07,0.9,23,,2
2007-03-08,1.5,23,,1.2
2007-03-09,1.5,18,,1.1
2007-03-10,1.8,16,,1.7
2007-03-11,2.1,14,,1.9
2007-03-12,1,11,,130.1
2007-03-13,5.2,9,,1.6
2007-03-14,3.6,6,,173.3
2007-03-15,3.8,3,,232.5
2007-03-16,4.2,0,,31.6
2007-03-17,0.8,0,,28.6
2007-03-18,0.6,1,,1.6
2007-03-19,1.7,5,,1
2007-03-20,1.7,0,,18.2
2007-03-21,-0.1,0,,349.8
2007-03-22,2.7,0,,87.1
2007-03-23,2.8,-1,,241
2007-03-24,5.1,-1,,249.8
2007-03-25,4.4,-1,,73.1
2007-03-26,4.6,-1,,278.2
2007-03-27,6,-1,,305.3
2007-03-28,5.6,-1,,-
2007-03-29,6.1,-1,,-
2007-03-30,7,-1,,234.8
2007-03-31,2.9,-1,,15.8
2007-04-01,4.3,-1,,2.5
2007-04-02,6.5,-1,,150.1
2007-04-03,1.4,-1,,233.6
2007-04-04,-0.7,-1,,27.6
2007-04-05,3.3,-1,,164.2
2007-04-06,1.7,0,,154.9
2007-04-07,0.4,-1,,149.4
2007-04-08,-0.2,-1,,323.4
2009-03-09,-2.9,21,1.0,6.3
2009-03-10,-3,29,8.0,207.2
2009-03-11,-2.1,29,8.0,48.7
2009-03-12,-1.9,28,1.0,95.5
2009-03-13,-1,28,8.0,1.5
2009-03-14,-1.3,27,7.0,1.6
2009-03-15,0.5,29,7.0,2.2
2009-03-16,0.6,25,7.0,1.9
2009-03-17,0,27,8.0,308.5
2009-03-18,-0.2,24,5.0,169.3
2009-03-19,-2.4,24,0.0,144.2
2009-03-20,-1.3,24,0.0,131.8
2009-03-21,0.4,22,8.0,149.7
2009-03-22,-2.6,22,7.0,158.9
2009-03-23,-5,22,0.0,235.5
2009-03-24,-5.4,22,7.0,121.5
2009-03-25,-7.3,22,1.0,305.5
2009-03-26,-8.2,22,3.0,330.9
2009-03-27,-8.3,22,0.0,373.8
2009-03-28,-2.2,21,0.0,316.8
2009-03-29,1.2,28,7.0,180.9
2009-03-30,1.7,26,7.0,1.5
2009-03-31,3.4,24,8.0,26.8
2009-04-01,1.2,21,0.0,162.2
2009-04-02,2.1,20,1.0,128.0
2009-04-03,5.6,16,8.0,394.0
2009-04-04,2.4,11,7.0,87.4
2009-04-05,3.2,5,8.0,290.9
2009-04-06,1.6,4,7.0,385.6
2009-04-07,1.1,2,8.0,385.5
2009-04-08,2.1,0,8.0,405.4
2009-04-09,2.8,0,7.0,2.2
2009-04-10,3.9,1,8.0,1.2
2009-04-11,2.1,0,0.0,305.4
2009-04-12,2.2,-1,0.0,173.1
2009-04-13,1.6,-1,1.0,254.1
2009-04-14,3.5,-1,7.0,128.2
2009-04-15,2.9,-1,7.0,327.1
2009-04-16,0.9,-1,0.0,308.4
2009-04-17,2.2,-1,8.0,139.7
2009-04-18,-0.3,1,8.0,325.3
2009-04-19,1.7,-1,0.0,53.6
2009-04-20,1.5,-1,8.0,306.8
2009-04-21,1.7,-1,0.0,127.3
2009-04-22,2.3,-1,5.0,429.3
2009-04-23,4.7,-1,0.0,324.1
2009-04-24,8.3,-1,0.0,32.4
2009-04-25,12.5,-1,0.0,111.9
2009-04-26,12.1,-1,0.0,45.4
2009-04-27,13.8,-1,7.0,306.8
2009-04-28,13.9,-1,0.0,2.4
2009-04-29,7.7,-1,0.0,33.7
2009-04-30,7.4,-1,0.0,408.5
2007-04-09,-0.6,0,,420.2
2007-04-10,1,-1,,256.7
2007-04-11,5.2,-1,,0.7
2007-04-12,5.5,-1,,149.7
2007-04-13,6.8,-1,,77.0
2007-04-14,9.1,-1,,139.2
2007-04-15,11.1,0,,255.1
2007-04-16,12.7,-1,,52.0
2007-04-17,7.3,-1,,326.1
2007-04-18,6.8,-1,,420.3
2007-04-19,3.8,-1,,235.9
2007-04-20,3.9,-1,,263.2
2007-04-21,2,0,,57.3
2007-04-22,4.4,-1,,434.8
2007-04-23,2.8,-1,,1.0
2007-04-24,7,-1,,379.7
2007-04-25,7.9,-1,,194.3
2007-04-26,13.4,-1,,128.4
2007-04-27,10.8,-1,,20.5
2007-04-28,5.6,-1,,200.1
2007-04-29,3.6,-1,,178.1
2007-04-30,2.1,-1,,228.4
2007-05-01,3.2,-1,,2.0
2007-05-02,4.2,-1,,29.4
2007-05-03,3.8,-1,,114.8
2007-05-04,4,-1,,247.2
2007-05-05,4.8,-1,,122.5
2007-05-06,9.9,-1,,107.5
2007-05-07,11.8,-1,,1.3
2007-05-08,8.5,-1,,7.4
2007-05-09,8.5,-1,,0.7
2007-05-10,8.9,-1,,1.2
2007-05-11,8,-1,,1.1
2007-05-12,8.6,-1,,1.9
2007-05-13,9.5,-1,,79.2
2007-05-14,11.7,-1,,85.4
2007-05-15,12.6,-1,,0.3
2007-05-16,9.9,-1,,58.7
2007-05-17,10.9,-1,,101.3
2007-05-18,11.6,-1,,282.5
2007-05-19,13.1,-1,,52.2
2007-05-20,14.6,-1,,125.0
2007-05-21,15.1,-1,,332.4
2007-05-22,11.4,-1,,279.3
2007-05-23,12.9,-1,,88.5
2007-05-24,10.6,-1,,333.0
2007-05-25,13,-1,,382.6
2007-05-26,14.4,-1,,191.7
2007-05-27,16.4,-1,,308.2
2007-05-28,17.5,-1,,479.8
2007-05-29,16.3,-1,,604.5
2007-05-30,14.7,-1,,495.0
2007-05-31,15.5,-1,,397.2
2007-06-01,13.5,-1,,492.2
2007-06-02,13.5,-1,,620.8
2007-06-03,15.8,-1,,405.3
2007-06-04,18.3,-1,,396.8
2007-06-05,19.6,-1,,366.7
2007-06-06,21,-1,,182.6
2007-06-07,18.2,-1,,593.5
2007-06-08,19.7,-1,,248.3
2007-06-09,20.4,-1,,177.4
2007-06-10,18.6,-1,,324.3
2007-06-11,15.6,-1,,84.9
2007-06-12,14.3,-1,,69.3
2007-06-13,13.5,-1,,31.7
2007-06-14,10.8,-1,,173.3
2007-06-15,11.5,-1,,271.3
2007-06-16,13.3,-1,,171.7
2007-06-17,14.9,-1,,103.1
2007-06-18,13.4,-1,,219.5
2007-06-19,12.8,-1,,166.1
2007-06-20,13.8,-1,,33.5
2007-06-21,15.2,-1,,181.9
2007-06-22,14.6,-1,,448.0
2007-06-23,15.2,-1,,414.9
2007-06-24,17.7,-1,,330.7
2007-06-25,16.4,-1,,0.4
2007-06-26,11.4,-1,,46.8
2007-06-27,12.3,-1,,129.0
2007-06-28,12.2,-1,,82.7
2007-06-29,15.1,-1,,67.8
2007-06-30,15.6,-1,,14.2
2007-07-01,17,-1,,1.2
2007-07-02,18.2,-1,,192.7
2007-07-03,19.7,-1,,311.6
2007-07-04,20.4,-1,,441.4
2007-07-05,19.7,-1,,317.8
2007-07-06,16.2,-1,,252.0
2007-07-07,18.2,-1,,0.7
2007-07-08,16.5,-1,,2.0
2007-07-09,16.6,-1,,1.3
2007-07-10,16.1,-1,,0.9
2007-07-11,15.3,-1,,48.5
2007-07-12,17.1,-1,,222.8
2007-07-13,16.5,-1,,163.3
2007-07-14,16.8,-1,,0.7
2007-07-15,15.4,-1,,7.9
2007-07-16,18.2,-1,,138.7
2007-07-17,19.9,-1,,341.7
2007-07-18,18.1,-1,,4.7
2007-07-19,14.7,-1,,1.8
2007-07-20,14.1,-1,,265.0
2007-07-21,15.6,-1,,213.1
2007-07-22,16,-1,,331.6
2007-07-23,16.1,-1,,35.7
2007-07-24,15.3,-1,,107.4
2007-07-25,16.4,-1,,164.7
2007-07-26,18,-1,,9.7
2007-07-27,17.3,-1,,67.3
2007-07-28,16.3,-1,,182.8
2007-07-29,14.9,-1,,276.6
2007-07-30,14.4,-1,,113.5
2007-07-31,13.5,-1,,1.1
2007-08-01,16.1,-1,,75.9
2007-08-02,16.2,-1,,155.4
2007-08-03,16.3,-1,,152.3
2007-08-04,17.9,-1,,10.6
2007-08-05,18.7,-1,,1.4
2007-08-06,20.1,-1,,236.1
2007-08-07,21.3,-1,,433.6
2007-08-08,21.5,-1,,433.8
2007-08-09,21.7,-1,,179.2
2007-08-10,21.6,-1,,222.6
2007-08-11,21.8,-1,,62.6
2007-08-12,19.1,-1,,45.7
2007-08-13,22.1,-1,,47.1
2007-08-14,19.9,-1,,27.2
2007-08-15,18.7,-1,,95.9
2007-08-16,19.7,-1,,105.2
2007-08-17,18.6,-1,,36.0
2007-08-18,16.1,-1,,7.2
2007-08-19,15.8,-1,,50.8
2007-08-20,15.3,-1,,152.2
2007-08-21,16.6,-1,,347.3
2007-08-22,16.7,-1,,148.3
2007-08-23,16.4,-1,,150.6
2007-08-24,18,-1,,348.4
2007-08-25,16.1,-1,,16.0
2007-08-26,12.1,-1,,33.8
2007-08-27,11.2,-1,,105.6
2007-08-28,9.6,-1,,202.6
2007-08-29,9.6,-1,,150.8
2007-08-30,8.6,-1,,87.3
2007-08-31,7.7,-1,,230.0
2007-09-01,7,-1,,252.3
2007-09-02,10,-1,,219.8
2007-09-03,12.1,-1,,4.0
2007-09-04,9.7,-1,,185.8
2007-09-05,9.7,-1,,56.4
2007-09-06,11.6,-1,,46.6
2007-09-07,9.3,-1,,72.9
2007-09-08,8.4,-1,,240.2
2007-09-09,9.3,-1,,9.0
2007-09-10,9.6,-1,,2.7
2007-09-11,8.7,-1,,76.7
2007-09-12,10.4,-1,,1.4
2007-09-13,8.9,-1,,147.8
2007-09-14,8.1,-1,,6.2
2007-09-15,10.2,-1,,17.6
2007-09-16,7.7,-1,,0.6
2007-09-17,10,-1,,14.1
2007-09-18,8.7,-1,,0.8
2007-09-19,7.3,-1,,32.8
2007-09-20,9.6,-1,,120.8
2007-09-21,13.3,-1,,0.6
2007-09-22,12.2,-1,,9.2
2007-09-23,9.7,-1,,219.1
2007-09-24,12.6,-1,,1.2
2007-09-25,13.7,-1,,0.3
2007-09-26,13.1,-1,,0.1
2007-09-27,11.2,-1,,42.8
2007-09-28,8.5,-1,,51.1
2007-09-29,13,-1,,300.1
2007-09-30,13.4,-1,,244.9
2007-10-01,12.2,-1,,0.8
2007-10-02,11.2,-1,,0.7
2007-10-03,9.7,-1,,2.5
2007-10-04,11.2,-1,,10.6
2007-10-05,11.5,-1,,134.1
2007-10-06,10,-1,,139.6
2007-10-07,9.7,-1,,0.8
2007-10-08,8.7,-1,,0.8
2007-10-09,6.1,-1,,148.8
2007-10-10,3.8,-1,,129.5
2007-10-11,2.4,-1,,245.3
2007-10-12,1.4,2,,89.3
2007-10-13,1.6,0,,131.1
2007-10-14,2.8,-1,,2.2
2007-10-15,8.5,-1,,1.9
2007-10-16,7.8,-1,,1.5
2007-10-17,9.4,-1,,1.0
2007-10-18,4.8,-1,,1.5
2007-10-19,4,-1,,89.8
2007-10-20,0.1,-1,,34.1
2007-10-21,0.3,-1,,2.0
2007-10-22,3.2,-1,,1.1
2007-10-23,3.8,-1,,0.7
2007-10-24,4.2,-1,,0.7
2007-10-25,4.2,-1,,65.1
2007-10-26,5.4,-1,,0.8
2007-10-27,6.2,0,,0.6
2007-10-28,8.1,-1,,0.7
2007-10-29,9.3,-1,,0.8
2007-10-30,8.8,-1,,1.1
2007-10-31,5.2,-1,,70.4
2007-11-01,6.4,-1,,7.0
2007-11-02,4.1,-1,,71.5
2007-11-03,-1.1,1,,49.0
2007-11-04,-2.3,3,,109.6
2007-11-05,-3.2,3,,1.7
2007-11-06,2.4,-1,,2.1
2007-11-07,1.1,-1,,29.5
2007-11-08,1.3,-1,,2.5
2007-11-09,2.8,-1,,2.2
2007-11-10,1.7,1,,1.0
2007-11-11,1.4,-1,,1.1
2007-11-12,0.3,-1,,2.0
2007-11-13,-1.2,-1,,2.0
2007-11-14,-3.5,0,,2.4
2007-11-15,-4.3,0,,2.3
2007-11-16,-0.7,6,,3.1
2007-11-17,-3.2,6,,4.0
2007-11-18,0.1,8,,2.9
2007-11-19,2.3,2,,8.6
2007-11-20,-2,-1,,9.3
2007-11-21,2.3,-1,,1.8
2007-11-22,2.5,-1,,1.1
2007-11-23,3.3,-1,,4.1
2007-11-24,-4.2,1,,5.3
2007-11-25,-0.8,1,,1.3
2007-11-26,0.6,2,,1.9
2007-11-27,-1.8,3,,1.6
2007-11-28,-3.8,3,,2.2
2007-11-29,-5.9,3,,1.9
2007-11-30,-5.3,3,,2.0
2007-12-01,-3.7,3,,6.4
2007-12-02,-0.2,5,,5.0
2007-12-03,0.8,1,,2.0
2007-12-04,-1.5,10,,1.6
2007-12-05,-0.1,10,,2.5
2007-12-06,5.7,-1,,1.5
2007-12-07,4.6,-1,,1.0
2007-12-08,4,-1,,1.0
2007-12-09,2.8,-1,,2.2
2007-12-10,2.4,-1,,-
2007-12-11,3.1,-1,,-
2007-12-12,-1.8,-1,,-
2007-12-13,-5.5,-1,,-
2007-12-14,-3.1,-1,,-
2007-12-15,-0.1,-1,,-
2007-12-16,-1.3,-1,,-
2007-12-17,-1.1,-1,,-
2007-12-18,0.5,-1,,-
2007-12-19,1,-1,,-
2007-12-20,4.4,-1,,-
2007-12-21,2.7,-1,,-
2007-12-22,-0.1,-1,,-
2007-12-23,-0.9,-1,,-
2007-12-24,1.3,0,,-
2007-12-25,2.7,-1,,-
2007-12-26,2.2,-1,,-
2007-12-27,4.1,-1,,-
2007-12-28,4,-1,,-
2007-12-29,5.5,-1,,-
2007-12-30,3.3,-1,,-
2007-12-31,-0.2,0,,-
2008-01-01,0.4,1,,-
2008-01-02,-3.1,1,,-
2008-01-03,-4.7,1,,-
2008-01-04,-6.6,1,,-
2008-01-05,-7.6,1,,-
2008-01-06,-5.6,1,,-
2008-01-07,-5.1,4,,-
2008-01-08,-3.5,12,,-
2008-01-09,-3.2,15,,-
2008-01-10,1.1,13,,-
2008-01-11,2.5,6,,-
2008-01-12,2.4,1,,-
2008-01-13,1.9,-1,,-
2008-01-14,1.5,1,,-
2008-01-15,2.1,-1,,-
2008-01-16,2.1,-1,,-
2008-01-17,2.9,-1,,-
2008-01-18,1.7,-1,,-
2008-01-19,1.7,-1,,-
2008-01-20,1.2,-1,,-
2008-01-21,-0.2,8,,-
2008-01-22,-2.6,9,,-
2008-01-23,-3.2,9,,-
2008-01-24,-1.6,9,,-
2008-01-25,1.2,8,,-
2008-01-26,0.4,8,,-
2008-01-27,-2.6,8,,-
2008-01-28,-3.3,8,,-
2008-01-29,2.1,7,,-
2008-01-30,0.1,2,,-
2008-01-31,-1.9,10,,-
2008-02-01,-0.2,10,,-
2008-02-02,1.3,15,,-
2008-02-03,-1.9,17,,-
2008-02-04,-1.7,18,,-
2008-02-05,0,18,,-
2008-02-06,1,13,,-
2008-02-07,0.8,12,,-
2008-02-08,0.9,10,,-
2008-02-09,1.7,9,,-
2008-02-10,1.8,7,,-
2008-02-11,1.2,5,,-
2008-02-12,0.5,4,,-
2008-02-13,0.1,5,,-
2008-02-14,-3.1,5,,-
2008-02-15,-6.4,5,,-
2008-02-16,-7.9,5,,-
2008-02-17,-0.5,6,,-
2008-02-18,-2.1,5,,-
2008-02-19,-4.4,5,,-
2008-02-20,-2.6,5,,-
2008-02-21,0.6,5,,-
2008-02-22,2.7,4,,-
2008-02-23,1.2,3,,-
2008-02-24,-0.2,3,,-
2008-02-25,2.6,3,,-
2008-02-26,1,3,,-
2008-02-27,1.8,5,,-
2008-02-28,-0.9,6,,-
2008-02-29,-2.3,6,,-
2008-03-01,-0.5,6,,-
2008-03-02,-0.7,6,,-
2008-03-03,-3.3,8,,-
2008-03-04,-5.4,14,,-
2008-03-05,-5.7,14,,-
2008-03-06,-2.2,14,,-
2008-03-07,-0.1,15,,-
2008-03-08,-0.7,14,,-
2008-03-09,1.7,15,,-
2008-03-10,5,9,,-
2008-03-11,4.3,3,,-
2008-03-12,2.2,2,,-
2008-03-13,0.9,2,,-
2008-03-14,0.8,6,,-
2008-03-15,-1.5,7,,-
2008-03-16,-1.4,7,,-
2008-03-17,-0.2,6,,-
2008-03-18,-0.9,5,,-
2008-03-19,-2.2,3,,-
2008-03-20,-5.1,3,,-
2008-03-21,-8.8,3,,-
2008-03-22,-7.6,3,,-
2008-03-23,-5.2,3,,-
2008-03-24,-5.9,4,,-
2008-03-25,-2.3,3,,-
2008-03-26,-3.9,4,,-
2008-03-27,-2.4,10,,-
2008-03-28,0.3,10,,-
2008-03-29,2.9,10,,-
2008-03-30,3.5,4,,-
2008-03-31,5.9,2,,-
2008-04-01,7.7,0,,-
2008-04-02,5.6,0,,-
2008-04-03,5.8,0,,-
2008-04-04,4.7,0,,-
2008-04-05,2.5,0,,-
2008-04-06,5.4,0,,-
2008-04-07,5.9,-1,,-
2008-04-08,6.1,-1,,-
2008-04-09,3.6,-1,,-
